variant,day,mean,std
delta,0,0.0,0.0
delta,1,0.0,0.0
delta,2,0.012581102970110157,0.032066164862266745
delta,3,0.03089060940417901,0.04499213921363701
delta,4,0.0325151600583042,0.0484322681176286
delta,5,0.059007915202881435,0.07277062856719833
delta,6,0.08049521466736234,0.08021309372517613
delta,7,0.09229154233161094,0.08618742420806645
delta,8,0.10647522894220664,0.09832380950624386
delta,9,0.12891924860066925,0.12036248445745812
delta,10,0.16020821544435576,0.12179063735112038
delta,11,0.1690824975042108,0.13649039218600728
delta,12,0.17482399620248246,0.14191111751317798
delta,13,0.2051017912833243,0.14704150709708322
delta,14,0.23002310974953455,0.13662495843273778
delta,15,0.21339290869397112,0.142885330725866
delta,16,0.2512341694692966,0.13920367812281856
delta,17,0.2503810285014384,0.14235532530387512
delta,18,0.2494113737822099,0.13064867778203332
delta,19,0.2882342700244054,0.14119293469846367
delta,20,0.28629652299279756,0.14935378973996605
delta,21,0.27415923986617674,0.14042008905380693
delta,22,0.29251869510447154,0.13928016263967624
delta,23,0.3014744277727077,0.13333334746199582
delta,24,0.3120505415061329,0.14172098904773928
delta,25,0.3390398536665625,0.13441548998125044
delta,26,0.3454803842382126,0.14611489220201457
delta,27,0.36963467248537335,0.13742075649209448
delta,28,0.37446837838838193,0.14921774300513443
delta,29,0.370711828373411,0.1698499074708116
delta,30,0.37950502376963213,0.1602436039820684
delta,31,0.3936077048474158,0.14979045092936683
delta,32,0.4140047178868183,0.13678576741605905
delta,33,0.4281749905247649,0.1357899978677552
delta,34,0.4364895359987841,0.13179360156659448
delta,35,0.4390309091393206,0.15093502242085505
delta,36,0.4556222252230447,0.13547896096708317
delta,37,0.46189081658567793,0.13710294645240856
delta,38,0.4696714246631292,0.1308133030389806
delta,39,0.4729587446821992,0.13374341864112518
delta,40,0.48642133842354357,0.1282911541302977
delta,41,0.49014543176917225,0.13008973986735656
delta,42,0.48617754421158427,0.14636478032817796
delta,43,0.5086835515552592,0.12221543259376365
delta,44,0.5218756825016748,0.11889415659188507
delta,45,0.5318336902803434,0.11272661359741112
delta,46,0.5427319806208506,0.12356915934379212
delta,47,0.5508475992815726,0.12358565593424616
delta,48,0.5485306716042068,0.12536063476697953
delta,49,0.57062041814183,0.12414933247156207
delta,50,0.5804693299960714,0.1269621941985367
delta,51,0.5847935928976129,0.12621192636649425
delta,52,0.5841443500151579,0.12837477835529218
delta,53,0.5827545414609873,0.1370936217990103
delta,54,0.5912237786038864,0.13616863909416008
delta,55,0.6052220809338811,0.1263532194527696
delta,56,0.6010954506147992,0.1488284199958729
delta,57,0.6095140694564782,0.14714697372997582
delta,58,0.6161632028734496,0.14944115894643326
delta,59,0.6261255742945506,0.13200258415034738
delta,60,0.6316376463524979,0.13744629292100108
delta,61,0.6394653703820935,0.12460980577200922
delta,62,0.6433096129484238,0.12317176720895738
delta,63,0.6414833709905885,0.11972599705686704
delta,64,0.6525256510600457,0.1275138834849451
delta,65,0.6577107482916879,0.13043730575297693
delta,66,0.6667616033440616,0.12381248108221511
delta,67,0.6811069845544162,0.11798393012960547
delta,68,0.6832298656028251,0.12242188307741715
delta,69,0.6888218370289237,0.12627644818504818
delta,70,0.6903743714617107,0.1294069533177407
delta,71,0.6893262757077165,0.12528485032912803
delta,72,0.6958993781933828,0.12868867048950325
delta,73,0.6948011152439065,0.12870204525294746
delta,74,0.6906762605487728,0.14218375576592762
delta,75,0.6929422629348645,0.14782734978076886
delta,76,0.7000280446083823,0.13978915543487141
delta,77,0.710769079640081,0.14421176729476065
delta,78,0.7182220051843333,0.14882753863800363
delta,79,0.7261131246041865,0.14521855224724126
delta,80,0.7339798233330397,0.14900973254512445
delta,81,0.7321974208479842,0.1534582259401697
delta,82,0.7368754713553315,0.15351919940724734
delta,83,0.7407090181885742,0.16076256489553487
delta,84,0.7505442848967807,0.1510558473637615
delta,85,0.7585587254705203,0.15207205168062687
delta,86,0.7682988447494784,0.150707729273411
delta,87,0.773009819242534,0.1491524107898055
delta,88,0.7857256322324416,0.13663385194188757
delta,89,0.7916150889062664,0.13781783090987712
delta,90,0.7959917347732801,0.13327553309147216
delta,91,0.8025735247738929,0.13103901587066344
delta,92,0.8077784643499372,0.13247713425120705
delta,93,0.8112585037291346,0.13779647070952838
delta,94,0.8126334554734745,0.1267041421864339
delta,95,0.8138278391592664,0.12513647766754635
delta,96,0.8146075885289015,0.12782857249922672
delta,97,0.8174907755798043,0.12867142717983573
delta,98,0.8199454033508257,0.12071502433560842
delta,99,0.8184758917416675,0.11917742584072481
delta,100,0.8221690029472396,0.11881914586749258
delta,101,0.8245959673780551,0.12035540843455995
delta,102,0.8261236985479821,0.114091181371515
delta,103,0.8298051463063294,0.1102079288366167
delta,104,0.8288641615206728,0.10852164558846768
delta,105,0.8379314449646296,0.10634596774605314
delta,106,0.837599622695067,0.11089912572439581
delta,107,0.8426625890719195,0.10618628000298776
delta,108,0.8465616614057304,0.09962764506273168
delta,109,0.8521572249246199,0.0962325422200543
delta,110,0.8521915362286326,0.0972902066625144
delta,111,0.853090939020649,0.10221183920872437
delta,112,0.8485397822356806,0.10054712470988639
delta,113,0.8506074885586725,0.10675841251036944
delta,114,0.8517144572551629,0.10547321563421347
delta,115,0.8516480350181316,0.1037419502515146
delta,116,0.8498419718547228,0.09929829691736641
delta,117,0.8530217552760643,0.10588823352948286
delta,118,0.8518538408044709,0.11124778712814376
delta,119,0.8561532065571908,0.10797408125221604
delta,120,0.8519054073848352,0.10369617966387953
delta,121,0.8538390808920139,0.10144047763778419
delta,122,0.853531315193244,0.09860546412302605
delta,123,0.855406395543755,0.10598573120429984
delta,124,0.8533763734194793,0.10452030846947695
delta,125,0.8544064389727507,0.09906255449280846
delta,126,0.8548583352632216,0.09258491789564965
delta,127,0.8553538234740374,0.09653491290608832
delta,128,0.8621888250740101,0.08665453466522394
delta,129,0.8743614167083527,0.08412777361692175
delta,130,0.8670691670201582,0.08456356327460673
delta,131,0.8733012492756046,0.0833523752472343
delta,132,0.87613315193143,0.08482457118723588
delta,133,0.8727373513033414,0.07537698397256368
delta,134,0.8734265017671183,0.0753289523409683
delta,135,0.873500326146534,0.08294167022742649
delta,136,0.870494271379732,0.09058355406799914
delta,137,0.8783477074758641,0.08100033574324916
delta,138,0.8776811133733095,0.08161009883065476
delta,139,0.8767739188355045,0.08320211176771666
delta,140,0.8767732741501398,0.0835632836991803
delta,141,0.8746987109484149,0.08737677685040889
delta,142,0.8767194703878933,0.0839097493822967
delta,143,0.8773805436550673,0.0856927520496122
delta,144,0.8768962336587309,0.09196471823316718
delta,145,0.8788856693340632,0.09196096592695228
delta,146,0.8800749544510723,0.09327838223173814
delta,147,0.8776181307230676,0.09229391131661585
delta,148,0.8835499737426679,0.0971790400181495
delta,149,0.8808196531511783,0.09021689893276924
delta,150,0.8806552953428429,0.09577976359517401
delta,151,0.8802385408144774,0.0857586028141188
delta,152,0.8799061872310047,0.08612763561836913
delta,153,0.8827049585872068,0.08129227244727165
delta,154,0.8819385358154889,0.07922548733489994
delta,155,0.8868114595623636,0.07828728418670962
delta,156,0.8818560404346307,0.07993189923877593
delta,157,0.8807887698806975,0.07498436458158877
delta,158,0.8780293451279305,0.07130091819170557
delta,159,0.8842630159730099,0.0714234138231365
delta,160,0.8858326940570409,0.06747980781771226
delta,161,0.8863092186124376,0.06211926533142781
delta,162,0.8882461966952818,0.06450249131166383
delta,163,0.8906548388667713,0.05996251584706488
delta,164,0.8935820497763266,0.06771448845742684
delta,165,0.895763483999165,0.06906230576650003
delta,166,0.9012464351682932,0.06697353379819461
delta,167,0.8993989213279834,0.06583498298634637
delta,168,0.89645748708204,0.07030430886994374
delta,169,0.8978105787262376,0.06192688339369806
delta,170,0.8999460910836798,0.06430407610660888
delta,171,0.9013852845404168,0.060134567981270634
delta,172,0.9015036898816157,0.06361667165459226
delta,173,0.9028224773092856,0.06100285095609583
delta,174,0.9014535953359945,0.06906703932278828
delta,175,0.8987294126544412,0.0666886996811931
delta,176,0.8958654187575055,0.06504104222937702
delta,177,0.8958657181587928,0.059040498029505804
delta,178,0.896562563810755,0.05912449729127164
delta,179,0.8976384301051566,0.05800658211140387
delta,180,0.8957815014130185,0.0578400975481653
delta,181,0.8966864288029351,0.0531408868467584
delta,182,0.8999724024224626,0.053038691877170495
delta,183,0.8998768238683176,0.05519316226696644
delta,184,0.9025263658707035,0.049468925431840664
delta,185,0.9017790216892362,0.04885116313200639
delta,186,0.9003682653768457,0.04687522106963212
delta,187,0.9015862068750359,0.04875365890255112
delta,188,0.9040175456072411,0.04723971138037434
delta,189,0.9058987516955684,0.043217287415319085
delta,190,0.9072584417390777,0.045446550177268535
delta,191,0.9084028712327171,0.04230985136747725
delta,192,0.9125058711847561,0.04391866512872064
delta,193,0.9145046983272834,0.04357736431852837
delta,194,0.9158314445367336,0.04617627486285285
delta,195,0.9180957908407718,0.048502502200151495
delta,196,0.9180812628063888,0.04477584620303409
delta,197,0.9174584046237438,0.0444138244510099
delta,198,0.9170041945831828,0.0472461496048682
delta,199,0.9138730984238567,0.050786349440792945
delta,200,0.9153080370995246,0.04993176638180754
delta,201,0.9164156501865047,0.050661594569612355
delta,202,0.9148951947768835,0.045925164079408734
delta,203,0.9166309611109389,0.04633037115087603
delta,204,0.9216484660930336,0.04617915626380318
delta,205,0.9212933043846498,0.047037886119320325
delta,206,0.917542855222621,0.05011308499267676
delta,207,0.9178106955545609,0.04909067633784194
delta,208,0.9140653025623141,0.049386972202753635
delta,209,0.9180525932870595,0.04737195756559101
delta,210,0.9209590122482634,0.04977794907265528
delta,211,0.9217628065761974,0.05183228775932659
delta,212,0.9244843722631045,0.049460568011284206
delta,213,0.9283723106113373,0.05012096415941951
delta,214,0.9280466856322709,0.04534662026301568
delta,215,0.9279851973529251,0.04326745856550947
delta,216,0.9295341237420086,0.0463577870840514
delta,217,0.927852683050462,0.04854500194636796
delta,218,0.9305072345468098,0.04689545840983762
delta,219,0.9305679088428913,0.047758370783640626
delta,220,0.9341521215057351,0.043677938559443456
delta,221,0.9359389460793118,0.04137764198621001
delta,222,0.9370787063816861,0.04191261146137218
delta,223,0.9374316597677463,0.04429406940992497
delta,224,0.9322446943463267,0.04052448508547
delta,225,0.9299774021496204,0.04081500056222048
delta,226,0.9294575704336858,0.04381351990416004
delta,227,0.9282026622728919,0.04232620533575928
delta,228,0.9301077449063176,0.03651950181400065
delta,229,0.9321691688008233,0.037987161038801634
delta,230,0.9302086476952177,0.038997710702843844
delta,231,0.9305869072300318,0.04333476836001973
delta,232,0.9333074865501515,0.04045391743662855
delta,233,0.9305961699296386,0.040427116960495176
delta,234,0.9321979108305615,0.04269038370999932
delta,235,0.9340912855360789,0.0456389784170635
delta,236,0.9384598843146521,0.045342412437802695
delta,237,0.9373597698468107,0.045585505346108356
delta,238,0.935188817882206,0.04627550902972612
delta,239,0.9355803195901767,0.04216786082457496
delta,240,0.9364782704804931,0.04601876978992409
delta,241,0.9399753846406144,0.0439079614536171
delta,242,0.9419169408559626,0.0445265619819032
delta,243,0.9413577017383543,0.04460286041863887
delta,244,0.9413590029447267,0.04530596766859152
delta,245,0.9403783890940071,0.044678819559377934
delta,246,0.9393635289712623,0.045449865100265975
delta,247,0.9428271595870027,0.047126323942467706
delta,248,0.9426692179565154,0.04512554020598562
delta,249,0.9434502536546754,0.04861177544907862
delta,250,0.9454229609425869,0.04809829466554186
delta,251,0.9465094920792498,0.04965216316308339
delta,252,0.9471435433508295,0.04611290132679778
delta,253,0.9485159415881519,0.044600536953201965
delta,254,0.9515038948730976,0.04615203879916532
delta,255,0.952452824812927,0.047345127850865254
delta,256,0.9536424750876784,0.04735045764887985
delta,257,0.9540785255268638,0.04646145286299951
delta,258,0.9569277506129295,0.0468126846515308
delta,259,0.9597302401053399,0.04629747464493228
delta,260,0.9613700133188179,0.047605258518011284
delta,261,0.964217778148127,0.048031644837832656
delta,262,0.9667905062063344,0.04651796603603169
delta,263,0.9671946307038934,0.04783505662060088
delta,264,0.9701601238740438,0.0473509322698025
delta,265,0.9691848751145059,0.04802145688829348
delta,266,0.9698814464882162,0.047925428507975217
delta,267,0.9712196279217977,0.047328357756896845
delta,268,0.9737137741958837,0.04510895107835298
delta,269,0.9732018006408799,0.04919362843850522
delta,270,0.974347678396002,0.046955268615453905
delta,271,0.9759082603368086,0.04667272557037786
delta,272,0.9766140124605521,0.048319176964867094
delta,273,0.9797649652635887,0.04629968308660555
delta,274,0.98079174485038,0.042208189272687976
delta,275,0.9819809897524887,0.044706362760946396
delta,276,0.9828727330465262,0.04480469089836084
delta,277,0.9853921713936479,0.04443786552395206
delta,278,0.9856302852527564,0.04587200307254533
delta,279,0.988396113286903,0.04565210785424543
delta,280,0.9894781837379616,0.04302054434791709
delta,281,0.9930070481005526,0.0429313367147807
delta,282,0.9947303182436572,0.0398891570843429
delta,283,0.9969179830595921,0.03813859218541499
delta,284,0.9932050497271817,0.040068697292684946
delta,285,0.9947707767702954,0.041559068782116404
delta,286,0.9971066041391571,0.039684012503207154
delta,287,0.9987241328413564,0.04120653421913184
delta,288,0.9973424328001064,0.043309123555014456
delta,289,1.001006586454091,0.04285714571952551
delta,290,1.0007895421321202,0.040654418580144486
delta,291,1.001586169799584,0.041180998735756535
delta,292,1.0032828937611675,0.04204825467434555
delta,293,1.0082549413211854,0.04248833838548198
delta,294,1.0119005719934437,0.04192647644262285
delta,295,1.012117388292981,0.04141725277829154
delta,296,1.0118527924060203,0.03959637265242388
delta,297,1.0134763729111917,0.04120810121846586
delta,298,1.0132353093911672,0.039012226584462614
delta,299,1.0149966648092845,0.04012593133633841
delta,300,1.013220782980267,0.04117335703749402
delta,301,1.0150744981160398,0.04006173175832387
delta,302,1.0138975454782289,0.0406366198994764
delta,303,1.0132599176612056,0.04068543961619799
delta,304,1.0138686385202396,0.042071849111734574
delta,305,1.017859492820709,0.03993981520463623
delta,306,1.0204248893630476,0.04094491813934901
delta,307,1.0222187154222642,0.040427451273814204
delta,308,1.023713479663689,0.04026524963657054
delta,309,1.0225489068161875,0.03764541029197351
delta,310,1.021708318059252,0.03913292040957898
delta,311,1.022775956688018,0.034985976113411955
delta,312,1.023739281822818,0.03403306775088058
delta,313,1.0261443320601813,0.034768456372176286
delta,314,1.0254086367202875,0.037421661435695266
delta,315,1.0269987350050445,0.03798806441829336
delta,316,1.0275299744622932,0.038186641190264096
delta,317,1.0280740512246789,0.03692083875555307
delta,318,1.0291753852473755,0.039290181581979194
delta,319,1.0273945034470289,0.0385005540782349
delta,320,1.0304547900625431,0.03920241889070491
delta,321,1.0325191436596257,0.03729570254650338
delta,322,1.0296818916359203,0.03356461096351317
delta,323,1.031154160757025,0.036707652134384705
delta,324,1.0318365800986458,0.0378959319133457
delta,325,1.032516354187534,0.03736354801577625
delta,326,1.0356701045080936,0.03689509056626822
delta,327,1.0368568851769082,0.03761798263106017
delta,328,1.0347374103036207,0.03754458147282467
delta,329,1.036209390543198,0.0349527458844491
delta,330,1.0382125008717626,0.03506504964268635
delta,331,1.038864969826964,0.03501740598173499
delta,332,1.0395291602089252,0.0361917870945058
delta,333,1.038038259536176,0.034658790881300125
delta,334,1.0380145430769212,0.03391575073127368
delta,335,1.038305573781673,0.03580093136961584
delta,336,1.0420466039132488,0.03378888031152514
delta,337,1.0422943746876152,0.030928815459639398
delta,338,1.0444348701897666,0.030853831100829506
delta,339,1.0435087301474315,0.031759059168253834
delta,340,1.0440915719093238,0.032586351091336514
delta,341,1.0464261988936063,0.03020927256858003
delta,342,1.0458865052010722,0.02886263419943317
delta,343,1.0464274876702329,0.031132328411636725
delta,344,1.0450150726492746,0.032102319794935004
delta,345,1.0470328088523921,0.032438225543744294
delta,346,1.050765077260726,0.03247785508462408
delta,347,1.0504449138066765,0.030331743129714168
delta,348,1.0521462765176137,0.03226194694839079
delta,349,1.0512745652596358,0.030254188161925148
delta,350,1.0524564128546003,0.03220455067712296
delta,351,1.0540868825916707,0.03185820834634669
delta,352,1.0549373133208917,0.03352301682160897
delta,353,1.0552514410450935,0.03362206367566059
delta,354,1.0565142915771264,0.03235480246021444
delta,355,1.0594985117311582,0.03174752995980683
delta,356,1.0599934035259455,0.02957753689964974
delta,357,1.0580428203459047,0.028403490149198005
delta,358,1.0605667646577452,0.027397489270355048
delta,359,1.0602529417107558,0.027066855241085788
delta,360,1.0586233348335297,0.026795429246508053
delta,361,1.0602656944799194,0.029172541846022783
delta,362,1.0615007042320879,0.029862552945388355
delta,363,1.0618390287702604,0.03138302862302017
delta,364,1.0627229192902785,0.03181960851667099
delta,365,1.0628387071002328,0.030551879202038952
delta,366,1.061265106819445,0.03107560192509892
delta,367,1.0641981446202509,0.031109513277683902
delta,368,1.0647378407292774,0.031062062224091073
delta,369,1.0646490631968775,0.029649568499134773
delta,370,1.0636122109380952,0.02990608619055313
delta,371,1.066081261229843,0.029383805027706083
delta,372,1.0661272775995054,0.03020363560240502
delta,373,1.0670864249272496,0.028498680882454375
delta,374,1.0631606418915656,0.027418104605764826
delta,375,1.063523606650008,0.02767146207378097
delta,376,1.0630759125151226,0.028165579075161207
delta,377,1.0644251926170845,0.027567903379441806
delta,378,1.0662556282481168,0.028808433382893017
delta,379,1.066519981510438,0.0271442954718112
delta,380,1.0674589024661554,0.026170846276519343
delta,381,1.0696146038783196,0.025315957988230636
delta,382,1.0698189293126021,0.025274689401097748
delta,383,1.06978862325732,0.025382594396112842
delta,384,1.0715014639263993,0.027908370712654413
delta,385,1.0734163744671257,0.025872748886387832
delta,386,1.0739030668586629,0.026111666968800837
delta,387,1.0733783184747896,0.026951287961534627
delta,388,1.0758139380133058,0.027847935290413833
delta,389,1.0782034843027102,0.028017375559223987
delta,390,1.0805509652790521,0.02927540056365248
delta,391,1.0812435357722299,0.028544140472990875
delta,392,1.0807604805771067,0.029907298201407997
delta,393,1.0832920705396614,0.028566947090587685
delta,394,1.0868376709537129,0.026167125997534273
delta,395,1.0863781753078081,0.025789575637916423
delta,396,1.087378146456946,0.026723311870481648
delta,397,1.08681414398984,0.026105652525182984
delta,398,1.0854749428465162,0.027062903564103725
delta,399,1.0855921231131556,0.026250265520453828
delta,400,1.0880127371737645,0.026346913305288
delta,401,1.0874391830098606,0.026706379209116997
delta,402,1.088711213403603,0.02610252219822953
delta,403,1.0883357420213176,0.02607560795051279
delta,404,1.087133098565854,0.028061705647665143
delta,405,1.0862032765096485,0.02696970442063536
delta,406,1.0867581768635644,0.027415280326540056
delta,407,1.0849353012073257,0.028647676753567098
delta,408,1.0849133149732733,0.026614925816522382
delta,409,1.0849415750223677,0.027291753432655382
delta,410,1.0844753112981906,0.02737963711335188
delta,411,1.086045316850065,0.027145167540104088
delta,412,1.0851799392086565,0.02933644153752882
delta,413,1.0837853286991457,0.030813495351731772
delta,414,1.084942120060044,0.030319004383709505
delta,415,1.0844655614991063,0.031690457943858955
delta,416,1.0852993334087437,0.031060579028876482
delta,417,1.0842642561550193,0.03141384992518395
delta,418,1.0820147691282198,0.0300799884922482
delta,419,1.082908899172283,0.030744347814206402
delta,420,1.0828190991067195,0.03176002279027478
delta,421,1.082338886165662,0.02984034133328442
delta,422,1.0834474475911602,0.029043556604670513
delta,423,1.0848624069208703,0.029537777225211715
delta,424,1.0828061115305327,0.0318633386638947
delta,425,1.08132098058724,0.031228599543342134
delta,426,1.081218300275152,0.031461336609139974
delta,427,1.079977371336241,0.029720629560283655
delta,428,1.0806223945558542,0.031203134912877805
delta,429,1.0814751564795024,0.031877671949175214
delta,430,1.0809213765804406,0.03419363959962696
delta,431,1.0774983351999452,0.03164058364127356
delta,432,1.0781420493363143,0.03366797755151067
delta,433,1.0749260038310389,0.033696184524881885
delta,434,1.0735080971447029,0.03262665790095043
delta,435,1.0737386174361505,0.032246495193806644
delta,436,1.0740972080340516,0.03291881902099629
delta,437,1.0761043959121144,0.031711827698737295
delta,438,1.0735381126586954,0.03243237552629263
delta,439,1.0732633529415703,0.0322273925713141
delta,440,1.0719033272234055,0.032685261340218714
delta,441,1.0717412555281747,0.03389749155744655
delta,442,1.07200537645596,0.034236102063336424
delta,443,1.0717753112108959,0.03419556353201072
delta,444,1.071617338149322,0.03416751240505753
delta,445,1.072505601734734,0.0340825999056199
delta,446,1.0709310973268504,0.03334166254680547
delta,447,1.0707398338493068,0.03327945813389654
delta,448,1.0720480816988822,0.03449799887541736
delta,449,1.0701935955323336,0.03605751381499293
delta,450,1.0705304275573952,0.03779246011622728
delta,451,1.0707921100024058,0.037873630793656965
delta,452,1.0677853413388325,0.03693460725100196
delta,453,1.0689898744754647,0.035431151454110556
delta,454,1.0655497290890186,0.035288571335138026
delta,455,1.0646305506669786,0.03403675923356244
delta,456,1.0609200032412687,0.034275269550268675
delta,457,1.0613492161662252,0.035194240032827354
delta,458,1.0612995927571283,0.034766925806701134
delta,459,1.05872642569563,0.03651993546196744
delta,460,1.0590270549605614,0.03985137097176644
delta,461,1.058115236171458,0.0395503811776587
delta,462,1.058088763842598,0.04108040046294901
delta,463,1.0571055443460666,0.04077798059398804
delta,464,1.0564612109497542,0.04049388652582208
delta,465,1.0554084141537508,0.03959074539208491
delta,466,1.0516842391311458,0.0401340395741025
delta,467,1.0515017561743234,0.0416328035388375
delta,468,1.0523205302625431,0.04501993140262416
delta,469,1.0517646245555714,0.046213917669285065
delta,470,1.049438509394949,0.045423743860122344
delta,471,1.0472630147344806,0.04535815602293896
delta,472,1.0455216005332424,0.04670237692671005
delta,473,1.044365904129165,0.04569319708935094
delta,474,1.0437250909329787,0.044461814075658794
delta,475,1.0401865197905549,0.04472176887671101
delta,476,1.0371607652464399,0.0451563346183367
delta,477,1.0381203187920296,0.04567131583634207
delta,478,1.0350527414354285,0.04676757673412815
delta,479,1.0331730968327577,0.046789345741571696
delta,480,1.033414189281319,0.044842098491338675
delta,481,1.0332400807312911,0.04515851295498999
delta,482,1.0333177048498454,0.044600853400800666
delta,483,1.0300846008072082,0.04608579873557232
delta,484,1.0264556965715939,0.0441663837573242
delta,485,1.0234472191161792,0.044334191046696114
delta,486,1.0229926289787319,0.04317387690145434
delta,487,1.0226771395898526,0.04283132904131374
delta,488,1.0206155390942104,0.044694471657322515
delta,489,1.0186042708788938,0.044633369932197534
delta,490,1.01653437017942,0.04573148531391384
delta,491,1.0153301231465945,0.045763000421483624
delta,492,1.0150885008553325,0.04452353936553129
delta,493,1.014586442890934,0.04275583548127887
delta,494,1.0103290151794146,0.04473767082924969
delta,495,1.0080438621064756,0.04662060497251402
delta,496,1.005083737101877,0.04489695534987794
delta,497,1.0048643255277292,0.04561175672112951
delta,498,1.0009998779260527,0.04859474201621432
delta,499,1.0010719549032316,0.04779967376296411
delta,500,0.999379114301226,0.0478575105648557
delta,501,0.9966518649668913,0.049170035983924235
delta,502,0.9951893600029528,0.05165954885053779
delta,503,0.9923740462686619,0.050481421671222354
delta,504,0.9908448752633208,0.05100198865420323
delta,505,0.9889558251712316,0.05102115366151592
delta,506,0.9890980537819797,0.048874130248284436
delta,507,0.985005975206645,0.04992243357841185
delta,508,0.9866759762064788,0.05076571499691124
delta,509,0.9841362497090952,0.05200958155830512
delta,510,0.9842487600022805,0.05151396708325049
delta,511,0.9822917193107397,0.05307185203712925
delta,512,0.9787156610286101,0.051790861851544294
delta,513,0.9770303395747656,0.0540256743230357
delta,514,0.9725240986388666,0.05482188287595475
delta,515,0.9670250926150178,0.05678552703985615
delta,516,0.962168849431739,0.05697357762517702
delta,517,0.9586712181011677,0.05639959043249618
delta,518,0.9552216306493124,0.05757276956026037
delta,519,0.9529739810374306,0.05781859732617871
delta,520,0.9498792932822948,0.05680519234313169
delta,521,0.9490885568528993,0.05829824173943174
delta,522,0.9480739315799152,0.053469590374608744
delta,523,0.9474153263339172,0.05508483596620532
delta,524,0.9460151989570132,0.057858383300068615
delta,525,0.9426306857500185,0.05533770424629215
delta,526,0.9399668300849315,0.054875462618695976
delta,527,0.9389240820817023,0.055820345126876454
delta,528,0.9346951379416447,0.05812948573405738
delta,529,0.9320096916777046,0.05835417157763836
delta,530,0.9278472647586283,0.05971752545090468
delta,531,0.9262177408515369,0.057053900625053604
delta,532,0.9263681752621695,0.05475571950238223
delta,533,0.9255368143283834,0.05527671167195364
delta,534,0.925555171318655,0.05624389095239683
delta,535,0.9228509442551789,0.05842836394031388
delta,536,0.9169703196859849,0.05811273969051801
delta,537,0.9152238369994347,0.060906802565963085
delta,538,0.913606965874326,0.061808279124311465
delta,539,0.9112901841572684,0.06263374100016358
delta,540,0.908567297589085,0.06431356402774344
delta,541,0.9071796212194564,0.06462448997355102
delta,542,0.9051924036577847,0.06559836280235518
delta,543,0.9021843914338796,0.06932709825957875
delta,544,0.8978449281530725,0.06894943502134938
delta,545,0.8967610773886158,0.06791387865840334
delta,546,0.8915895058104918,0.07016035598525773
delta,547,0.8909008481141253,0.06983863240226547
delta,548,0.8895843158387939,0.06813899162184177
delta,549,0.886829002546583,0.06730213478597631
delta,550,0.8814560721972956,0.06971427555175976
delta,551,0.8805717650280592,0.07186002409958282
delta,552,0.8738149623124667,0.07368980494531467
delta,553,0.8713453803553934,0.07276863533959398
delta,554,0.8685061105744323,0.07045575031895504
delta,555,0.8661111754281127,0.07174318043274903
delta,556,0.8683180683683868,0.06925167345990503
delta,557,0.8632968683314889,0.07010210927297263
delta,558,0.8613904080899553,0.07410252243720004
delta,559,0.8585816025324869,0.07623801392794147
delta,560,0.855359091953531,0.07597491275461707
delta,561,0.8536609885266063,0.0786669291569789
delta,562,0.8489930589515438,0.07888520612486492
delta,563,0.8464334068659694,0.07775209610621009
delta,564,0.8446294884689657,0.07973652977380477
delta,565,0.8403799782303927,0.08090801470531638
delta,566,0.8364569765139295,0.08303465460837059
delta,567,0.8304775635839006,0.08710389603581567
delta,568,0.8276270016244138,0.08870493693256894
delta,569,0.8253953555325966,0.08763052186870553
delta,570,0.8250398673102491,0.08903043146108532
delta,571,0.8234333149531383,0.08842404445101221
delta,572,0.8206951834534252,0.0925963261973297
delta,573,0.817922826046647,0.09200625941033255
delta,574,0.8131731715012142,0.09601746019015751
delta,575,0.8085802631254204,0.09752136580515658
delta,576,0.8033381200223432,0.09470634306064887
delta,577,0.8037014770715996,0.0909547627995362
delta,578,0.803829732850467,0.0946387287499621
delta,579,0.8022610150471199,0.09416371372716668
delta,580,0.8021799193516338,0.09558792186943399
delta,581,0.8018300077979836,0.09740478720005752
delta,582,0.7991929818413905,0.09913195418046103
delta,583,0.7969553697759924,0.09728834026754561
delta,584,0.794007591972565,0.09669448755514715
delta,585,0.7908504326560646,0.09971161147408675
delta,586,0.7893012825749536,0.09962532051017094
delta,587,0.7832883578503351,0.09554316241665639
delta,588,0.7801820959355111,0.09474402285499539
delta,589,0.7754906317714599,0.09710294888110042
delta,590,0.7708837458621861,0.10243263122648506
delta,591,0.7667586470691254,0.10317736322559097
delta,592,0.7601262952292117,0.10896020918387819
delta,593,0.7566719010644357,0.1105386829621553
delta,594,0.7526738978082267,0.10367676954037093
delta,595,0.7477130772009676,0.10149815046002851
delta,596,0.7473543793137479,0.10355579396752525
delta,597,0.7461419817965096,0.10389254319285
delta,598,0.743913261350133,0.10070161333909669
delta,599,0.7411658855104607,0.09936130586613573
delta,600,0.7374947185490445,0.09959722192216812
delta,601,0.7355626933495673,0.09878744604628559
delta,602,0.7358226993982965,0.09401526027342777
delta,603,0.7325565918376009,0.09054473482730577
delta,604,0.7340695133995204,0.08727484337177133
delta,605,0.7320308345994014,0.09634174390560464
delta,606,0.7288647467939459,0.09668259632349054
delta,607,0.7232953775565256,0.10058468687159082
delta,608,0.7186580341256448,0.0992202032658564
delta,609,0.7059400872231741,0.10071850129690009
delta,610,0.7047577358812136,0.10437631388152166
delta,611,0.7033583024901082,0.1061490808584752
delta,612,0.6984038171108017,0.10942763826803159
delta,613,0.6961963397329882,0.10932634630098748
delta,614,0.6916850745267907,0.11141917274723402
delta,615,0.6890503935201395,0.10998682729654337
delta,616,0.6827616777619584,0.11079052122571209
delta,617,0.6785252195911322,0.11140913864475434
delta,618,0.6805826465759283,0.10851532034516234
delta,619,0.6751852344745913,0.10894973713567943
delta,620,0.6721255360135,0.11389003976880069
delta,621,0.6684347110219011,0.11130078075076111
delta,622,0.6619166551234957,0.12393865399272785
delta,623,0.6602841520732572,0.12680262033122147
delta,624,0.6573311288221682,0.13059996108167976
delta,625,0.6533651847661321,0.1319297333922482
delta,626,0.6504157777402245,0.1310995822137449
delta,627,0.6463118490644549,0.13245327747291627
delta,628,0.6430183033768683,0.12766080044494416
delta,629,0.6399834495821468,0.12977357326637493
delta,630,0.6369579537482712,0.13147481231134017
delta,631,0.6314518427877404,0.133115753790649
delta,632,0.6256149971009497,0.14191378599225818
delta,633,0.6249358864812137,0.1378678371310235
delta,634,0.6181401375791508,0.14161496006628183
delta,635,0.6123182496895809,0.14021868371263924
delta,636,0.6070537532929562,0.14278942290791466
delta,637,0.5967556287196087,0.1460907250702141
delta,638,0.5893356601906748,0.14819831109884132
delta,639,0.5843516559347567,0.14172841566434718
delta,640,0.580859909221223,0.14214700482021336
delta,641,0.573478247149971,0.15182731476468414
delta,642,0.5699525904762792,0.1556094418603188
delta,643,0.5614466439561282,0.1564367140346096
delta,644,0.5557329655893813,0.15790796883829306
delta,645,0.5537259752883836,0.157167725953514
delta,646,0.5510361745752358,0.15573879320599238
delta,647,0.5576814978740827,0.15928624466981878
delta,648,0.5527136632747064,0.16212457411038608
delta,649,0.5534777047284875,0.16622988895136934
delta,650,0.5486837418225105,0.17458928866674392
delta,651,0.5378776693308108,0.1678351003686156
delta,652,0.5509055654440876,0.17170759960267418
delta,653,0.5395664749234866,0.17763114446932746
delta,654,0.5400892137091947,0.18429441618039788
delta,655,0.5351387956051294,0.1830616528472732
delta,656,0.5248031912695088,0.1789507035590419
delta,657,0.5263005923541703,0.17633073406907385
delta,658,0.5192228524582329,0.18484079695167854
delta,659,0.5165897291473033,0.17384544386542397
delta,660,0.5142951257088114,0.17213279840713694
delta,661,0.5033543149257667,0.17818008540443386
delta,662,0.4972409790066251,0.19010024256930944
delta,663,0.5088356335323275,0.18168142608059137
delta,664,0.5106652643411353,0.1767706054237529
delta,665,0.5040059006272576,0.1779161810848407
delta,666,0.49014668829526237,0.18039341233304707
delta,667,0.49006841885134506,0.18063268263577342
delta,668,0.4836045967356682,0.18637605725979225
delta,669,0.4716349917246745,0.20099830542044844
delta,670,0.4649442415999709,0.2058932341319907
delta,671,0.432967318435548,0.21257830012590795
delta,672,0.44840846244920063,0.1948498388620584
delta,673,0.452251091870586,0.19506560809843987
delta,674,0.44783925561102517,0.19378397914046824
delta,675,0.439539075829052,0.2016171069075734
delta,676,0.4346555944254947,0.2052930157844132
delta,677,0.44986759152187017,0.19453720196311938
delta,678,0.451404661219958,0.2068903865787179
delta,679,0.44497313197363036,0.20334946046101157
delta,680,0.4348064149990905,0.19017311274846385
delta,681,0.44164721638194626,0.1921550126852284
delta,682,0.4312228693617299,0.1914946552048203
delta,683,0.41394601882565174,0.20104419444861665
delta,684,0.4171681590643135,0.19306379123792106
delta,685,0.42560495638819956,0.19666240446559238
delta,686,0.4370132124807134,0.18502984805997433
delta,687,0.4305444850840824,0.19847198555843065
delta,688,0.43124853166734,0.1817826662777503
delta,689,0.4309079925518128,0.18282838521339204
delta,690,0.42709544422134116,0.19303806120787698
delta,691,0.43025093197387143,0.20033524793336766
delta,692,0.4236777725075013,0.2046670577346404
delta,693,0.4057155110467766,0.21144001494424214
delta,694,0.3983478696550305,0.21354861701778285
delta,695,0.40237852371218,0.21697548277208928
delta,696,0.3916624427613363,0.22037860053340813
delta,697,0.3754731390860169,0.2237991195340206
delta,698,0.3595957411252946,0.23112053365656893
delta,699,0.36734379316166804,0.23421172317153
delta,700,0.35788199419228656,0.23099235079755856
delta,701,0.37332961757920735,0.21841361140840215
delta,702,0.37247758741915843,0.224265091827612
delta,703,0.37779067809501177,0.2242428749702392
delta,704,0.355916901595455,0.2255233078776363
delta,705,0.3489822036372049,0.22133604209413407
delta,706,0.34280756409234436,0.21797541924382555
delta,707,0.33601059987466136,0.21066613411199475
delta,708,0.3466288281789547,0.20705614683268111
delta,709,0.3378757718353977,0.2027387615717189
delta,710,0.3457691833285797,0.2008791404303143
delta,711,0.34381514795609835,0.2009052853884207
delta,712,0.3326907061505392,0.19775847716769285
delta,713,0.3314037259227021,0.2022917031695396
delta,714,0.3328157340765921,0.20283848234200091
delta,715,0.3166249137697682,0.2153911860668946
delta,716,0.3071762434590585,0.2345319489531281
delta,717,0.2994874609878365,0.23062032931695078
delta,718,0.3062101401627103,0.22297109352830227
delta,719,0.296834076726566,0.22811975693943184
delta,720,0.2777273160442299,0.2301535124703103
delta,721,0.25925744011598134,0.22495145480454803
delta,722,0.26444126912541804,0.21470233370150554
delta,723,0.25628021073804746,0.21884245018066562
delta,724,0.2561654629760788,0.21809412133876638
delta,725,0.2483510949126255,0.21075983225369693
delta,726,0.2706056768004062,0.19736388641902025
delta,727,0.2916836383780639,0.18237657230083154
delta,728,0.30379493964297255,0.17584401289823987
delta,729,0.3053337229437829,0.16327581444365907
delta,730,0.2953062886283757,0.18048941208030847
delta,731,0.2912093474669538,0.16754143860805057
delta,732,0.29294836479847763,0.16240067925263038
delta,733,0.2894370194448279,0.18173610313787192
delta,734,0.27095329332626544,0.1744576151883045
delta,735,0.2708181889311482,0.17295444475871138
delta,736,0.25938093192986716,0.18151251821657946
delta,737,0.25500095751726864,0.1725281705847986
delta,738,0.2608247986944782,0.17447396965814416
delta,739,0.25091765484847545,0.1707991095572204
delta,740,0.26412977256579306,0.16926935284492348
delta,741,0.27313518571145845,0.16263110478792392
delta,742,0.2594117533792125,0.18231204170756649
delta,743,0.25505119837256046,0.18877046992774393
delta,744,0.2500579523856492,0.17574286298259115
delta,745,0.24758718434801513,0.17206569903059027
delta,746,0.2395475189943923,0.17627587422231988
delta,747,0.2172809635559577,0.18981829781150106
delta,748,0.20734722002761943,0.1854961272914236
delta,749,0.2186675339711498,0.19805485797709688
delta,750,0.2045387545131592,0.18028744205133582
delta,751,0.1913026615145923,0.18123416468194006
delta,752,0.20160987209607756,0.1785984610740175
delta,753,0.18929361626327817,0.16627091861647306
delta,754,0.18839757971029095,0.1600187588832599
delta,755,0.18195571435361038,0.16068668622082918
delta,756,0.20017600603416502,0.16546924930221443
delta,757,0.1854211912875051,0.18949323319605202
delta,758,0.20017125511176467,0.1895207686695847
delta,759,0.20140682464867993,0.1857596264006921
delta,760,0.19223141057659118,0.18158456450172833
delta,761,0.16425644070361453,0.1653890536369984
delta,762,0.16302494539208756,0.1718793123653568
delta,763,0.156884669327316,0.17987769814643886
delta,764,0.15731323525913157,0.20161548371284088
delta,765,0.1490656871876036,0.1768423844819278
delta,766,0.16321088191721927,0.17727402855971144
delta,767,0.18428214503461463,0.1701706724048388
delta,768,0.20099703721848622,0.17088837735509202
delta,769,0.19466186266526733,0.16639012758275398
delta,770,0.19420457967695107,0.17208410751333578
delta,771,0.19105320897562234,0.1785489990871358
delta,772,0.20031275062719883,0.17389407346518054
delta,773,0.16099359576203554,0.17313859910192575
delta,774,0.15708978269034737,0.1665346876954767
delta,775,0.1666696741575926,0.17756118828503442
delta,776,0.1749365241860906,0.18400910464736156
delta,777,0.15109851407598957,0.1889443786685481
delta,778,0.19975040558730384,0.20111969964839738
delta,779,0.23255299781166933,0.19554519542684495
delta,780,0.2537187556178195,0.18694190422553095
delta,781,0.2475179276893828,0.21339362760889935
delta,782,0.24226060810788108,0.21580872162129028
delta,783,0.25306902250229674,0.20845841080386157
delta,784,0.3139155579208148,0.21083199886396392
delta,785,0.2993845679867911,0.20477522554981636
delta,786,0.2612360127177375,0.20695844273390498
delta,787,0.1995250118737184,0.22620517982977392
delta,788,0.2280854481194789,0.23326975129733568
delta,789,0.22051080512325402,0.2216988225681518
delta,790,0.25305380358765533,0.21291535829085736
delta,791,0.24529418181212229,0.21703047874851555
delta,792,0.26239923349930877,0.1857127159817588
delta,793,0.2309662041760835,0.18651862741444533
delta,794,0.21294236162713776,0.16375299832417958
delta,795,0.19742225073262074,0.1674135788524953
delta,796,0.22042607413640125,0.14962143211063422
delta,797,0.22985163355891536,0.15710005133957833
delta,798,0.23716266543774558,0.16453414737485436
delta,799,0.23716266543774558,0.16453414737485436
delta,800,0.19213199837104497,0.18890326612726632
omicron,0,0.0,0.0
omicron,1,0.0,0.0
omicron,2,0.03253257305040168,0.05449793545689264
omicron,3,0.07280084633050751,0.07123228569974153
omicron,4,0.11320402783466123,0.08646370149376999
omicron,5,0.16288838643061102,0.08336150455251333
omicron,6,0.1902237253885588,0.10243568382811653
omicron,7,0.23129338935921775,0.1052022389255072
omicron,8,0.27670044927324694,0.11896690816314708
omicron,9,0.31881501317092187,0.14018441799315434
omicron,10,0.3583940793900902,0.12940384444522862
omicron,11,0.38559876192836845,0.14303005932209034
omicron,12,0.4130042519590687,0.1395836405272425
omicron,13,0.445115058597193,0.12748976855618574
omicron,14,0.47147388712476584,0.12236779428379566
omicron,15,0.5075344605785871,0.11299465110599961
omicron,16,0.5279872445484936,0.10970906863306404
omicron,17,0.5523291000868084,0.09902985411661655
omicron,18,0.5743600592456367,0.10281435500280862
omicron,19,0.5960820783997579,0.1003274032897527
omicron,20,0.6193611842821137,0.10234112606105505
omicron,21,0.6400516072551532,0.09366296799169019
omicron,22,0.6636959202401271,0.08040897981907916
omicron,23,0.6939393538364245,0.08014134360204433
omicron,24,0.7089602856984234,0.07994638788331287
omicron,25,0.7290374041511504,0.07873152170552997
omicron,26,0.7530007093855743,0.08086004934936285
omicron,27,0.7698386124737199,0.0838368136079671
omicron,28,0.7925770827791098,0.07513827434497174
omicron,29,0.810341484348731,0.06980013179677613
omicron,30,0.8235864522846494,0.06532787091426058
omicron,31,0.8412810546648356,0.06438689876972148
omicron,32,0.8534268733370739,0.0670758009002066
omicron,33,0.8666947790103134,0.06729008930578828
omicron,34,0.8770727338981842,0.06876435997275304
omicron,35,0.8951659901278873,0.06284468746495907
omicron,36,0.9073930474263574,0.0563014354934127
omicron,37,0.9191426187350876,0.05813491477977976
omicron,38,0.9318509850193154,0.06246235454912099
omicron,39,0.9406046904483575,0.05575576929149839
omicron,40,0.954484655688228,0.055624097485019876
omicron,41,0.9648155967217558,0.05436454931400722
omicron,42,0.9804691483288384,0.046889035219176804
omicron,43,0.9915361435388884,0.048295369987197245
omicron,44,1.0017023444553352,0.04645768209734494
omicron,45,1.0127925459502014,0.04238098391659082
omicron,46,1.019098591022237,0.04692052670530588
omicron,47,1.031793444081557,0.044501368759570226
omicron,48,1.0341809187739532,0.04225508116141515
omicron,49,1.039446448754531,0.0423767747386778
omicron,50,1.033195598106842,0.04597204296508491
omicron,51,1.0310426057850617,0.04552327618861965
omicron,52,1.0236366533476269,0.05003867719428214
omicron,53,1.0207126654310545,0.053876850594229135
omicron,54,1.0183683740413907,0.04773399815007795
omicron,55,1.0138359842699038,0.053142432249054815
omicron,56,1.000649267624254,0.045038526930041345
omicron,57,0.9974470904909706,0.047978131354205526
omicron,58,1.0006782947168757,0.044453132065586716
omicron,59,0.9955912876825991,0.04883041730437316
omicron,60,0.9999352407722976,0.03958572694327386
omicron,61,0.9985639813149624,0.04362967758504233
omicron,62,0.9984930051057238,0.03756539737472411
omicron,63,0.9962769150201822,0.037275064754400004
omicron,64,0.9958688760288062,0.03976809830922581
omicron,65,1.0043939447675208,0.03572339893722018
omicron,66,1.0050284352516294,0.03741575299779881
omicron,67,1.0006727869756114,0.03377806564593961
omicron,68,1.0023564899382758,0.03202015961407558
omicron,69,0.9993929260124209,0.033344871893819766
omicron,70,1.00199295371616,0.02927850149007135
omicron,71,1.0027828544628037,0.030298881410472732
omicron,72,1.000064473786639,0.02466587662990185
omicron,73,1.0000721994700834,0.027676750412790784
omicron,74,0.9992632818481026,0.025909862335798433
omicron,75,0.9987975531320741,0.02763495304224554
omicron,76,0.9969549398664195,0.030740813014076055
omicron,77,0.9944474004185974,0.024720510137606795
omicron,78,0.9916706375262744,0.027802657936940867
omicron,79,0.9961137239607386,0.027740162537241497
omicron,80,0.995114884600477,0.027069075139084287
omicron,81,0.9951831428753709,0.02647648205340565
omicron,82,0.9971986492024469,0.025415447423906827
omicron,83,1.0035695028338238,0.02518635396952525
omicron,84,1.0084087230436405,0.027093473378701185
omicron,85,1.0106700049036552,0.02475545841286097
omicron,86,1.0113433017253426,0.023470705317564
omicron,87,1.0108587088810739,0.022344162654990892
omicron,88,1.0131974284930132,0.02205221547669703
omicron,89,1.0131417536584415,0.023759428656800894
omicron,90,1.0140824212796316,0.023491083705531924
omicron,91,1.0172669459679629,0.02314642896121827
omicron,92,1.0182321334927147,0.024995838359710455
omicron,93,1.020790285762648,0.023679240993067025
omicron,94,1.0253793332550523,0.025526349015520252
omicron,95,1.0246684224486522,0.023399904903439635
omicron,96,1.0263920047911157,0.021868446435813826
omicron,97,1.0283436846909064,0.022280016070739365
omicron,98,1.0305421650991347,0.022860454632037987
omicron,99,1.0302791896551708,0.022889459130688454
omicron,100,1.034418826593244,0.023381538496714434
omicron,101,1.036078509772555,0.022185250143551435
omicron,102,1.036965466093492,0.023575117883909813
omicron,103,1.0404765672759748,0.023325580854868702
omicron,104,1.043046381879182,0.02505256754017183
omicron,105,1.0465142241173397,0.02514509541085778
omicron,106,1.050522134666896,0.02443758513518013
omicron,107,1.0506575344887426,0.022574633158612373
omicron,108,1.0512824821192523,0.02562117265428481
omicron,109,1.0538147507728464,0.024805892128521956
omicron,110,1.0581421184146842,0.021838697642290912
omicron,111,1.062163375867757,0.022817042553040522
omicron,112,1.0631866984261695,0.026329090306718372
omicron,113,1.0659789813536027,0.026497548092304996
omicron,114,1.0691881566971355,0.02443345266503158
omicron,115,1.0697570398990275,0.02441278752007148
omicron,116,1.0744948922387827,0.025057045194606567
omicron,117,1.0786056846390562,0.02937815725038224
omicron,118,1.0793697942473988,0.027713248521940563
omicron,119,1.084695896052764,0.026048144344018576
omicron,120,1.0872448669336754,0.02431116167857291
omicron,121,1.0894883564436457,0.024995639367933337
omicron,122,1.092885410614146,0.02351715876407411
omicron,123,1.0921360045173343,0.023695635728506734
omicron,124,1.094389931787249,0.020573691776975038
omicron,125,1.0988698293805705,0.021364011858624285
omicron,126,1.100937638797949,0.01971949923373559
omicron,127,1.1052465756242913,0.01986733885787214
omicron,128,1.106608669275106,0.019995735740623844
omicron,129,1.1091063863799964,0.019321704528430062
omicron,130,1.111547835261988,0.01914016040752525
omicron,131,1.1124321515646949,0.021250248260712413
omicron,132,1.114360360848169,0.019040488210670576
omicron,133,1.1162653000617604,0.018020871170196982
omicron,134,1.1161290878182661,0.01720296710589089
omicron,135,1.1177885056849384,0.017442963180826554
omicron,136,1.120695408224741,0.01771078192444442
omicron,137,1.1225010611384183,0.019609113945501248
omicron,138,1.1225772715823799,0.019795709258442828
omicron,139,1.1245655392523077,0.02218453655320931
omicron,140,1.1279509074984257,0.020110002271644938
omicron,141,1.1285745790791288,0.022292267119803304
omicron,142,1.1303727508467598,0.021742527220286204
omicron,143,1.1302918603735346,0.0195257091737169
omicron,144,1.1326669241020364,0.01897524422137701
omicron,145,1.1355237262059557,0.019090899266548014
omicron,146,1.1378474118342912,0.020066389096509735
omicron,147,1.1408409264808268,0.021613019407640405
omicron,148,1.1439240251011185,0.019401219944680095
omicron,149,1.1449940917425019,0.018359821885094007
omicron,150,1.1480888025468772,0.017729223353671823
omicron,151,1.152284287327238,0.016330889359315134
omicron,152,1.1529962938670337,0.017347636845420265
omicron,153,1.1563045772832734,0.01875303208456299
omicron,154,1.1579731543286889,0.019155161123427418
omicron,155,1.1602281359321107,0.01951431867291752
omicron,156,1.1634762855252279,0.020112908693742996
omicron,157,1.1676520700987927,0.01933399464761691
omicron,158,1.1701830595182359,0.019166743522908772
omicron,159,1.1732690227601554,0.017324806316413074
omicron,160,1.173181277463527,0.01769933605548751
omicron,161,1.1757678037897086,0.017449480560772137
omicron,162,1.1783494351913872,0.01981541305930453
omicron,163,1.178658029361496,0.018601455594624266
omicron,164,1.1792253813734082,0.018018985113843592
omicron,165,1.1834562958190633,0.01905996823024448
omicron,166,1.1856832599084794,0.019210812382014712
omicron,167,1.1840755436654964,0.018017570960466384
omicron,168,1.1851319321653386,0.019602078576343246
omicron,169,1.1875176359487258,0.018880844412873958
omicron,170,1.1874586680706607,0.017886276763881617
omicron,171,1.186677289736988,0.016398839787640732
omicron,172,1.1878472572836158,0.017768412440918726
omicron,173,1.1886447386640235,0.018294849140453706
omicron,174,1.1850506380126944,0.019474059734118112
omicron,175,1.184456131106016,0.020414847940745516
omicron,176,1.1855512482886132,0.01909621316488379
omicron,177,1.1846230096016657,0.018802202028354868
omicron,178,1.1837089705891473,0.018193777377853507
omicron,179,1.183234108501196,0.01650611067745789
omicron,180,1.1812665177205526,0.020107355110299676
omicron,181,1.1788125550770143,0.018642051552095158
omicron,182,1.1774809576815224,0.017212092387694396
omicron,183,1.174753058995485,0.018402702704473365
omicron,184,1.1743438086489342,0.017647121033607414
omicron,185,1.1705841594714057,0.018900957050437383
omicron,186,1.1705836383927815,0.018444820048775824
omicron,187,1.1662245965294777,0.018296092515307956
omicron,188,1.1658794832812622,0.018706470161378986
omicron,189,1.1627249289298824,0.018760555060554403
omicron,190,1.1592698522533038,0.01815536916887338
omicron,191,1.1567971242273225,0.020332460930632876
omicron,192,1.1536531620842145,0.023529481057010977
omicron,193,1.1492493743947454,0.023705677709891352
omicron,194,1.1442337356659305,0.024869970159992393
omicron,195,1.141147945763411,0.026317280998879505
omicron,196,1.136292144836881,0.025573930162823902
omicron,197,1.1310582079904827,0.028444613027371068
omicron,198,1.127307140079093,0.031437836347929814
omicron,199,1.1209127189854513,0.031517082527795906
omicron,200,1.1168158879445704,0.03055436745424744
omicron,201,1.1100627931089153,0.029706961349810296
omicron,202,1.1041571062778726,0.03289074420204443
omicron,203,1.0974081137697482,0.03537190354819348
omicron,204,1.091769086575577,0.033064743337387265
omicron,205,1.0822721126524082,0.035245587997294874
omicron,206,1.0747769801048266,0.036809218188594124
omicron,207,1.0682821417141148,0.03611922095600449
omicron,208,1.0640713430276667,0.03715189677254037
omicron,209,1.0568638028976878,0.03593855699153583
omicron,210,1.0499348085408273,0.03558229666730996
omicron,211,1.0411917988751822,0.03587041151046235
omicron,212,1.0326102062649414,0.03689734585582457
omicron,213,1.0257323671927185,0.03752733369224356
omicron,214,1.0164470648475912,0.040526094291351275
omicron,215,1.0095055777803659,0.0404087225031008
omicron,216,1.0029857527807713,0.03977566845406837
omicron,217,0.9962557407147653,0.04140332531568665
omicron,218,0.9904805083438118,0.039728186272198
omicron,219,0.9852304640778785,0.039079459774442146
omicron,220,0.9774093296128693,0.040402281904272086
omicron,221,0.9678519443271371,0.04016570955334858
omicron,222,0.9611367311642504,0.041142570595920934
omicron,223,0.9538999977463748,0.04032151962683821
omicron,224,0.9480058134748952,0.04181551623161202
omicron,225,0.9440101387826286,0.03984426502567261
omicron,226,0.9402243647645275,0.03909198524159233
omicron,227,0.932039141316204,0.03942670096604248
omicron,228,0.9219307541241837,0.04219562910484226
omicron,229,0.9153414285283349,0.04566769516840915
omicron,230,0.9059964990214499,0.04358182835018223
omicron,231,0.8980371192620121,0.04377153737861119
omicron,232,0.8891518043892357,0.045093798719423796
omicron,233,0.8811348834678001,0.04669801348370433
omicron,234,0.8734492050880593,0.04349947023329883
omicron,235,0.8621581222262636,0.04808063643949747
omicron,236,0.8588818517792663,0.04872764833500086
omicron,237,0.8496473272495487,0.05470949060483057
omicron,238,0.839308921032562,0.05409895969875227
omicron,239,0.8280587706217063,0.06023426365186166
omicron,240,0.8242113339465952,0.06104716538810995
omicron,241,0.8114352477270436,0.06380259086688281
omicron,242,0.7979804845202941,0.06686661679077711
omicron,243,0.7852105595915856,0.06749404468753213
omicron,244,0.7747384615238214,0.07004423344244673
omicron,245,0.7651016396490494,0.07291389839201097
omicron,246,0.7473860065139798,0.06853132176431319
omicron,247,0.7350391704561865,0.07273230490566102
omicron,248,0.7182251973751371,0.07550547316887349
omicron,249,0.7081067851861517,0.07839495102616113
omicron,250,0.6906700490620307,0.07856726725119925
omicron,251,0.6740828679542371,0.08275131886049311
omicron,252,0.6617157380975263,0.08948126675054263
omicron,253,0.6462014160329878,0.09211869968506531
omicron,254,0.6323064962667658,0.09443406152687196
omicron,255,0.623008525964933,0.09492151545109259
omicron,256,0.6068376704390989,0.09477711523803574
omicron,257,0.5945576079780533,0.09704303349836002
omicron,258,0.5729186492588687,0.10414511925248596
omicron,259,0.5566912488553688,0.10345237954129681
omicron,260,0.5412413487200343,0.11114860189106465
omicron,261,0.5111456645480045,0.1310471938234142
omicron,262,0.49227242704503543,0.13906389138613898
omicron,263,0.4743587734636418,0.14538254888182098
omicron,264,0.45764546867044364,0.14757239214256065
omicron,265,0.4385469526446448,0.15150496532741067
omicron,266,0.41916766493336405,0.16090771474248433
omicron,267,0.39143127141875317,0.17379797878519707
omicron,268,0.369437178794561,0.17831249102324062
omicron,269,0.3483198145752211,0.1774400321810742
omicron,270,0.33136696378044406,0.17391185473713155
omicron,271,0.30610414214144394,0.17518128809956626
omicron,272,0.3130245030620243,0.18119623719106612
omicron,273,0.29052014422463196,0.17891912998132836
omicron,274,0.27781046366236756,0.17938181877692236
omicron,275,0.2761767231877405,0.18723274936537695
omicron,276,0.26010629848536654,0.1840384541611946
omicron,277,0.2439261404688574,0.18641214656214375
omicron,278,0.23945499472982137,0.197622771844405
omicron,279,0.2173026809093865,0.19164391379611745
omicron,280,0.20393942518181002,0.18444760504521732
omicron,281,0.18449565305605325,0.178199812086229
omicron,282,0.18567813275548078,0.16700410416692357
omicron,283,0.17955970806262442,0.17959095844361736
omicron,284,0.15122644634327229,0.16303533858809172
omicron,285,0.1440930846134544,0.15934451990122284
omicron,286,0.15483248191889007,0.17594907338830043
omicron,287,0.13375252788397196,0.17236844879106714
omicron,288,0.12496281711890098,0.16977660883049256
omicron,289,0.11302912382789063,0.15868966104588947
omicron,290,0.09120046642065271,0.14242553572171196
omicron,291,0.054552122885770875,0.09884347688314479
omicron,292,0.05107611438252606,0.08928013887004556
omicron,293,0.03750850793977706,0.09337636970989185
omicron,294,0.03911317059909965,0.09005713185424585
omicron,295,0.05537926933906674,0.11128096757890725
omicron,296,0.07285132445767109,0.10953880237363418
omicron,297,0.07772007192974711,0.10872651303613046
omicron,298,0.06436851528995548,0.0788130658845926
omicron,299,0.05194554922501584,0.07081955481497461
omicron,300,0.05194554922501584,0.07081955481497461
omicron,301,0.040590479576018246,0.06892222181974887
omicron,302,0.03152550213313733,0.0641384019221422
omicron,303,0.047288253199706,0.07541554087540711
omicron,304,0.058358736429273556,0.09046200771824199
omicron,305,0.0,0.0
omicron,306,0.0,0.0
omicron,307,0.0,0.0
omicron,308,0.0,0.0
omicron,309,0.0,0.0
omicron,310,0.0,0.0
omicron,311,0.0,0.0
omicron,312,0.0,0.0
omicron,313,,0.0
original,0,0.0,0.0
original,1,0.0,0.0
original,2,0.0026407138718599066,0.01731631887499285
original,3,0.004838852417035936,0.021870056184069744
original,4,0.017505745253654743,0.040279338087427605
original,5,0.03049244695755746,0.04762188455097524
original,6,0.03438962362079156,0.05548591442725165
original,7,0.041297817726054516,0.06051847280591498
original,8,0.04320056003544777,0.06440901021154839
original,9,0.054928877361702065,0.06747262418478923
original,10,0.06358242104049147,0.07302683089775133
original,11,0.06551972925141882,0.07009172790952037
original,12,0.09121701048795476,0.08347862472419809
original,13,0.09983282393315746,0.08618601373469387
original,14,0.11328911361308945,0.09706206258599787
original,15,0.11083570049002232,0.10754861207332968
original,16,0.1308456739143047,0.10899093737577202
original,17,0.12823163621206954,0.1092451900076614
original,18,0.13937713238504784,0.11208606580333288
original,19,0.14611025209181752,0.12073130103078786
original,20,0.14418198189928325,0.1300940044570818
original,21,0.16783731783263298,0.12506745799604405
original,22,0.17249085169710537,0.1272643232712634
original,23,0.18073016052072874,0.1304167842456478
original,24,0.17923459255008808,0.13138833433578537
original,25,0.1733774007040431,0.12535875157927268
original,26,0.17520328576652097,0.11120209757546451
original,27,0.1631163590699675,0.12019943425518295
original,28,0.18405878758516442,0.11786436707297805
original,29,0.17091306663865358,0.11790434936884651
original,30,0.17602668510176744,0.11872961480770801
original,31,0.18953826182359798,0.11240746668114221
original,32,0.19734098389865778,0.115139644728805
original,33,0.17714680129985524,0.12739700929113823
original,34,0.1747680079239208,0.1289702525882793
original,35,0.18102909066593884,0.14226032659397345
original,36,0.1853494365418297,0.13580600892315978
original,37,0.19867553793223316,0.14904591692602648
original,38,0.20201912938425406,0.15246110946849334
original,39,0.2007167288853351,0.16705420548621813
original,40,0.2287515593921136,0.15650535214954306
original,41,0.24749488734483402,0.14773084822720334
original,42,0.25058396847273134,0.14557103062431848
original,43,0.25601371406572276,0.1467842084369476
original,44,0.24303429984808622,0.15885934441434232
original,45,0.24985367393088517,0.16521492782922634
original,46,0.2625306825649735,0.1665533533222313
original,47,0.24889822080991197,0.1573188179297022
original,48,0.2516413746240268,0.14708240057109917
original,49,0.2321921559736281,0.15858400164853467
original,50,0.22314814173224,0.16226314270148182
original,51,0.2606686800891926,0.1525809100725962
original,52,0.2730045534969669,0.1426453175731729
original,53,0.26036202381679996,0.16250096036839992
original,54,0.27082127374040027,0.1482703915483363
original,55,0.2731852331005828,0.15315631070548189
original,56,0.2602619560052927,0.1680748920698303
original,57,0.26215366180566596,0.15919389892386768
original,58,0.26107091988688286,0.15456594778361654
original,59,0.2579890011206523,0.15385744421679043
original,60,0.2668425093919258,0.1484657726632092
original,61,0.29469487191464727,0.13667246683142423
original,62,0.3100617836288255,0.12957465589386047
original,63,0.33470176832254117,0.13118452906146388
original,64,0.3206874133954943,0.14831478812734689
original,65,0.33242032362847684,0.16080568106099238
original,66,0.34682648366705543,0.1518901725813232
original,67,0.3324464179443628,0.15491327474110458
original,68,0.3301101855924732,0.1564442856454303
original,69,0.33112263486901405,0.15744383239531512
original,70,0.3348069358493855,0.1621582415777634
original,71,0.35157080484070036,0.15792818061336417
original,72,0.33819451570843956,0.15464485082171509
original,73,0.31837549610662835,0.15559569640542248
original,74,0.3117002980296373,0.15404846239260442
original,75,0.31343913704507886,0.15913211750634437
original,76,0.31355179737761013,0.1597365449767893
original,77,0.3271474570536746,0.1635903724278863
original,78,0.35272719494267896,0.1440036136438188
original,79,0.3582484006404296,0.15782548896989887
original,80,0.36876507009807247,0.14912836167117602
original,81,0.3610208064195245,0.16970236947307457
original,82,0.3553082135921791,0.17220215247419243
original,83,0.3579021477903392,0.17654886338413625
original,84,0.38158441260448733,0.15812849282073707
original,85,0.3753003692130778,0.15935962451615163
original,86,0.38184827120571224,0.16954514394891237
original,87,0.37852564159887003,0.1745447579194681
original,88,0.4000106292367297,0.16409184026732554
original,89,0.3858635807713737,0.17091155605046582
original,90,0.38495447415514,0.1697420836555861
original,91,0.3979308494427445,0.17100416222399503
original,92,0.39784944234957687,0.17229881069174063
original,93,0.4000212208397291,0.17205397513476486
original,94,0.39863793608465337,0.17345583631471606
original,95,0.3896010953994518,0.1719504064994692
original,96,0.39362185305141234,0.17836729154137268
original,97,0.40390559323006353,0.17521069593204217
original,98,0.4343456715703547,0.15112722486349014
original,99,0.44056662559872883,0.1425886216437377
original,100,0.4553116975998005,0.13553247230887266
original,101,0.4490750243132369,0.13476321071535388
original,102,0.43317805016954086,0.14699963641596195
original,103,0.4337800870712334,0.15479883517510332
original,104,0.4229500122569821,0.16146886700901739
original,105,0.41278489255883705,0.16260343168501648
original,106,0.4054420950288141,0.1722897204463459
original,107,0.40378031242237283,0.15801174684720073
original,108,0.41202230594227085,0.16477431649481175
original,109,0.40054554530912323,0.16546023298674067
original,110,0.40574387435157566,0.16327654032475075
original,111,0.411268095792604,0.1786200569038255
original,112,0.4264622522537289,0.1730054541159062
original,113,0.4229599450316501,0.19001268945711722
original,114,0.4237087001090121,0.1857036733331813
original,115,0.4307069731376484,0.1828145139761119
original,116,0.4127782099971389,0.19585108448926833
original,117,0.4305254576216916,0.17607748094886178
original,118,0.44216054985717373,0.16096552632954741
original,119,0.4282143665571366,0.18404967077667955
original,120,0.44548810712805054,0.1454242725526487
original,121,0.4474377748227405,0.15118915468627042
original,122,0.45079529155045805,0.15383332347644893
original,123,0.4318989897233038,0.16098132775134266
original,124,0.4302149904742539,0.16102109728800784
original,125,0.41042318444489634,0.16960491256242907
original,126,0.408640707547894,0.1880371739539284
original,127,0.4259399442136706,0.16190658463699353
original,128,0.4068811169374613,0.1781154832563947
original,129,0.42363483817594305,0.16170329925305701
original,130,0.42107714862126416,0.13954366635891038
original,131,0.41757327074718803,0.14133523381422913
original,132,0.4022123417782071,0.15860714138644363
original,133,0.40033834110989797,0.14657039555500048
original,134,0.39756483546940796,0.15516197110256663
original,135,0.4001774979095555,0.14730966749941501
original,136,0.4082664672280415,0.14388138746755427
original,137,0.40618616177373573,0.1395791572400625
original,138,0.39734132927970733,0.15024528138304233
original,139,0.4027632617218832,0.13382673726514677
original,140,0.3999878112212702,0.14315278327899889
original,141,0.4019702347628096,0.14339234785893282
original,142,0.3972442250662351,0.15676080203097045
original,143,0.38599792152255585,0.15346821663154425
original,144,0.3893860791800551,0.16240301327126244
original,145,0.3896903666262033,0.16093576423064251
original,146,0.38517409963108157,0.15702533806134514
original,147,0.384822665698045,0.17083215817334035
original,148,0.40764397262808827,0.16764409021027812
original,149,0.40571729907307225,0.16745023734709405
original,150,0.3955651126351211,0.18842719245658782
original,151,0.4059919080043099,0.18069429897385983
original,152,0.4078293031846968,0.1554359006900539
original,153,0.3896974990068527,0.17239919115413574
original,154,0.4107768474998059,0.1475522745400071
original,155,0.423165466969513,0.15286740509389168
original,156,0.4357861308697637,0.14766865608389013
original,157,0.43051183493369777,0.14212510702687176
original,158,0.42924925677789016,0.14297750319833755
original,159,0.42876584175467264,0.14766115378703373
original,160,0.4327757059076052,0.15763887532572535
original,161,0.4220303299198191,0.1702322966738773
original,162,0.41735166325293444,0.17092407509530597
original,163,0.43309886812305126,0.15976937750763798
original,164,0.4353203295949243,0.1525623163175162
original,165,0.43737940106548495,0.1458768501710595
original,166,0.4456056810582788,0.1568859650226803
original,167,0.4239035072999925,0.17283080130958223
original,168,0.44421556446255794,0.15434911532308357
original,169,0.44483304111033845,0.1683754086209392
original,170,0.4468150306645122,0.15856204883984185
original,171,0.45926680777342155,0.1371735836116847
original,172,0.4708588266288639,0.12919354854793993
original,173,0.4477408906592362,0.1567274701937781
original,174,0.45457580571565936,0.15254059061593891
original,175,0.46160475315149224,0.16227706537901468
original,176,0.46536534596319745,0.1472867475034658
original,177,0.4687628028471483,0.1470547689064905
original,178,0.4841120049680713,0.14383657036919154
original,179,0.4820414960777535,0.16186935230782856
original,180,0.48544518181815866,0.16585086305147345
original,181,0.4954769680838308,0.14617543684539813
original,182,0.5103320332444686,0.10732755108288998
original,183,0.5164482333854244,0.1155309866726304
original,184,0.4915753568866053,0.14815173594776548
original,185,0.46879830247895693,0.1645306582155007
original,186,0.4731909210157547,0.16461719863577112
original,187,0.4701701994325305,0.16895561539156181
original,188,0.4613662162141132,0.18672723791067514
original,189,0.4566273464336317,0.18036882501837015
original,190,0.4642450392425305,0.1687573975072834
original,191,0.4555545714807027,0.17826074664292077
original,192,0.4599577546014748,0.17957441058614726
original,193,0.48524578083983827,0.15874621021229943
original,194,0.4715137145571803,0.18103205010387738
original,195,0.46748271222554166,0.17890688204594044
original,196,0.4823860786115188,0.13783122492098407
original,197,0.4642841528736573,0.1644971758951901
original,198,0.48110666196286894,0.14724659692401884
original,199,0.48810821623442757,0.14294472174573072
original,200,0.4884760486297414,0.13691913675109163
original,201,0.4818255176118833,0.15725008461654716
original,202,0.48565216278792184,0.16751883226747036
original,203,0.4795060825695953,0.16549863128006825
original,204,0.48135557609865753,0.18433905647307355
original,205,0.46619473399927297,0.19974460772653532
original,206,0.4665396115876634,0.20467154021387735
original,207,0.46160506490964165,0.19964259665493914
original,208,0.4674966002388778,0.17454652244155294
original,209,0.4636971654374505,0.17060296380320922
original,210,0.46622846727582634,0.17525081794277483
original,211,0.4819095211468557,0.1553868068585515
original,212,0.4953233861372962,0.14894475203174667
original,213,0.47149793022685393,0.17191821377967564
original,214,0.4672648778577254,0.18411171748711327
original,215,0.44819290133452755,0.20562697025943147
original,216,0.46018872199036137,0.1907971449544522
original,217,0.47166048766383695,0.18827727230196323
original,218,0.4905902396718741,0.17036327893465106
original,219,0.48660363748692304,0.16637494773662612
original,220,0.48735127394515015,0.14913769369876742
original,221,0.48840185759566174,0.14260378438453813
original,222,0.4879695400973019,0.13661010926967815
original,223,0.5006062812924269,0.15100280402638688
original,224,0.48734935773283977,0.17210327345974444
original,225,0.48759086183969014,0.17818906470229562
original,226,0.4850709816245706,0.16803793443778883
original,227,0.4810938103965069,0.1837997622586109
original,228,0.49719026439746844,0.16900002015091647
original,229,0.5155706700198477,0.13669150468666905
original,230,0.5070928069089875,0.15902312083544473
original,231,0.4851637185861539,0.18333899307443552
original,232,0.4884320492710612,0.18389432524394492
original,233,0.5004602262092867,0.1677154783915166
original,234,0.4869365638603338,0.16778578552978943
original,235,0.4796224047776307,0.17436956058422326
original,236,0.4777199979198293,0.18789198127185303
original,237,0.48764847274386935,0.17209966474280516
original,238,0.49634372032861074,0.16505946315829012
original,239,0.4985227127900939,0.15136021988271456
original,240,0.494854827021276,0.18236725066628726
original,241,0.48340453352591534,0.19670380201479223
original,242,0.47376231020642817,0.19892270527737738
original,243,0.47328863689735456,0.18607152036512664
original,244,0.49211975411664943,0.17262501465655758
original,245,0.4866809779091628,0.17083497266274403
original,246,0.491281937541587,0.1922189417878771
original,247,0.49852725938948855,0.18764760242574358
original,248,0.4958745601946775,0.18899017590942835
original,249,0.5038683143546051,0.1692461366152975
original,250,0.49098366142165994,0.19545221495409917
original,251,0.4815947863819971,0.20042497835043505
original,252,0.4808932354669491,0.18994390324953445
original,253,0.45723098340057905,0.22006867367932165
original,254,0.4615005792732597,0.2276002733954697
original,255,0.4614920566333001,0.2302586069591455
original,256,0.46755107727445133,0.21294038238794025
original,257,0.48604578135440096,0.20957423169058217
original,258,0.47344605477489476,0.18973821821216882
original,259,0.45465270759575965,0.22549392080911998
original,260,0.44800911782910996,0.21640245046884413
original,261,0.4404010703659449,0.2094501510171296
original,262,0.4402984344549645,0.2130404696769217
original,263,0.44378967242193634,0.20798692891525308
original,264,0.4475448406861018,0.19743078155864563
original,265,0.4765929891491842,0.18025787713973604
original,266,0.45849927010770875,0.19866816948920984
original,267,0.4530856046767657,0.19075167330026027
original,268,0.4513904490021623,0.18014903733884752
original,269,0.4538778003697583,0.19509022182700225
original,270,0.4652603559469616,0.20366908864908498
original,271,0.45343957181617384,0.1975125471439476
original,272,0.43620010875433995,0.2031255065037364
original,273,0.44540095179235345,0.18234958279160343
original,274,0.4247081049508864,0.20369637697217527
original,275,0.42925216259237037,0.18520404762653908
original,276,0.4250114159340372,0.19668725742594068
original,277,0.41923776359771686,0.20467570109949962
original,278,0.4357038274472687,0.19690381582833866
original,279,0.44228261948745606,0.1771826715613304
original,280,0.45272527656805744,0.1746887441338844
original,281,0.448496653162796,0.1846640901039911
original,282,0.42918792480300005,0.20244575269758275
original,283,0.42858941267307915,0.19641764828706404
original,284,0.45007595713445797,0.17643412697916952
original,285,0.4509427818569664,0.18623901248345204
original,286,0.45333551883453804,0.20613426215053757
original,287,0.4361951591004984,0.2115667038183004
original,288,0.48009443268240576,0.16645455954368266
original,289,0.46964037964812005,0.1638059281046071
original,290,0.46933022971457666,0.16519562872866503
original,291,0.48510716192147046,0.13374800228785497
original,292,0.4874504234843514,0.1333792246246675
original,293,0.48528480051964995,0.14371853634943765
original,294,0.47836063277235724,0.14701253299008976
original,295,0.4674648518160142,0.17480536307073774
original,296,0.4649848847370411,0.16412240869330838
original,297,0.47298135844274763,0.16095221785740968
original,298,0.47249849918139397,0.1521116210105202
original,299,0.4855973525952876,0.15624791550370407
original,300,0.4782918316039328,0.16725155200776848
original,301,0.4655418085462258,0.1796154946915285
original,302,0.47212085156852307,0.17535496409358317
original,303,0.46628344985466336,0.17634685969146427
original,304,0.45868215406434104,0.19364667261816734
original,305,0.4545480254233031,0.18674910855141016
original,306,0.45835762715889466,0.19245032246678628
original,307,0.46027521391333054,0.1845648557120754
original,308,0.4632999472274236,0.1717503820120405
original,309,0.469404182254141,0.17303158323006426
original,310,0.46522849762992824,0.19308245912388605
original,311,0.49013293266792013,0.1466712000391269
original,312,0.4870930462341062,0.15180303054408817
original,313,0.47974578957113945,0.13902993531029076
original,314,0.479706313906001,0.1438774431062756
original,315,0.48710792395245256,0.12798930430109057
original,316,0.4676693079512342,0.14099469299744957
original,317,0.4682766679662181,0.1339730294004515
original,318,0.4612802197590082,0.1315850736383236
original,319,0.46540937876550914,0.1487167998403929
original,320,0.4565297134126955,0.15684940328104924
original,321,0.462371608588762,0.15180489851591636
original,322,0.46301491031956854,0.1577513037649594
original,323,0.4938968892358567,0.11545718365158797
original,324,0.4842345702319846,0.12823742527179607
original,325,0.4749696623971094,0.1340560446889549
original,326,0.48250570764241485,0.12035330155556295
original,327,0.48282628607784894,0.14877759256194076
original,328,0.489944910169055,0.14419046891656553
original,329,0.522147317787577,0.09835114218980856
original,330,0.5207446847935969,0.10391732294519211
original,331,0.46758124274982255,0.18682134955817825
original,332,0.4691265035211042,0.17619964546386507
original,333,0.4588928189093513,0.16536019792018558
original,334,0.4710850494270836,0.15300278263663017
original,335,0.47813051591115485,0.14165838532295416
original,336,0.47845488681334175,0.14447796151151004
original,337,0.4630668913226161,0.14249113548766132
original,338,0.4779674706676896,0.11547952644876949
original,339,0.48139140518631196,0.11373318179438435
original,340,0.4981276824758769,0.08756810415021483
original,341,0.4881014458317025,0.10352746388370192
original,342,0.4853038210593247,0.11624509694537231
original,343,0.49873974006971183,0.09943131238364802
original,344,0.4922017400090109,0.11800779195963816
original,345,0.4954152407725021,0.11099152233615049
original,346,0.49904149418272503,0.11389584832777398
original,347,0.5079040228347919,0.10435111634410123
original,348,0.5064046634040246,0.10419999654352197
original,349,0.5076435387090634,0.08685700436184954
original,350,0.5093254618621892,0.09536387911613711
original,351,0.505199653993413,0.10593500280012966
original,352,0.5071245691289379,0.1194903230650159
original,353,0.5047731228382494,0.10507881888103184
original,354,0.5014711857886127,0.09564796263083286
original,355,0.502344306772753,0.09613197001255991
original,356,0.5081557929840701,0.10372775235387151
original,357,0.5211517080208465,0.08606022940745935
original,358,0.5083351119970396,0.09027455417242136
original,359,0.5172959923197338,0.10566973430500483
original,360,0.5209545212458192,0.10566637649554525
original,361,0.5049743083842246,0.11174176119906895
original,362,0.5153759592804402,0.11207346505758455
original,363,0.5269030717868278,0.10764913945505053
original,364,0.5322631149738394,0.11134433047997774
original,365,0.5424270883677312,0.11191284577179128
original,366,0.5508682503171941,0.1072865470286911
original,367,0.5461513541869609,0.08604359768975109
original,368,0.5406682903942877,0.09326885990239656
original,369,0.5390243596042118,0.1025907214285904
original,370,0.5404597708794503,0.10197657695365907
original,371,0.5374798159915823,0.09392659827517139
original,372,0.5364102676113555,0.10088239209849849
original,373,0.5303745682176922,0.11158019079910865
original,374,0.5256481425640822,0.14404459263765831
original,375,0.5237393896814632,0.13932639969935942
original,376,0.5194404561670994,0.14146658497571526
original,377,0.5108172486986302,0.14844559133066113
original,378,0.5167546545001359,0.14360347691786027
original,379,0.5185879740356921,0.11523858265617615
original,380,0.5194590556600359,0.1221273283251775
original,381,0.5133891901481119,0.12840889450415205
original,382,0.5121888834937584,0.11403530620214973
original,383,0.49643714668614264,0.13952703628236543
original,384,0.5058516841688668,0.10002105603993493
original,385,0.517030191519765,0.09195543568085782
original,386,0.4956200160242175,0.10028097700780615
original,387,0.49782449698663306,0.11213893863238768
original,388,0.4906658999911015,0.15284018423488377
original,389,0.4783159976565663,0.15148168159795627
original,390,0.4856362254333242,0.13986170172649776
original,391,0.4823851094484737,0.1458467513986389
original,392,0.4907939727486973,0.13344656902950752
original,393,0.4978070777792613,0.13789783732254593
original,394,0.4913489513235212,0.14820209981395704
original,395,0.47980135619147163,0.1517268346115764
original,396,0.4784708057804319,0.1532623568791274
original,397,0.4667613108825223,0.1524232664542957
original,398,0.4788104540619526,0.11661873224925785
original,399,0.47806720335994407,0.13493382104991547
original,400,0.4849424129900372,0.13536922446615476
original,401,0.45772216395954457,0.1605830905855897
original,402,0.49152975583189235,0.11757258258128907
original,403,0.4841213536893456,0.14518399971532145
original,404,0.46905127745663144,0.15320845798152993
original,405,0.47414500592770564,0.15377351944347736
original,406,0.48582142829101616,0.15145756666691548
original,407,0.4759147216302071,0.14815576382530266
original,408,0.4687460896716725,0.14458035171360445
original,409,0.4572161271001653,0.1423505780816847
original,410,0.45229064618081544,0.15736253457157418
original,411,0.45969077684603926,0.12251960393103623
original,412,0.4537810871889835,0.1452339306187441
original,413,0.42906357797583417,0.16424380582065845
original,414,0.43833828968716615,0.171424174975694
original,415,0.45127046681513416,0.15909337279531227
original,416,0.466525031764216,0.14256227031056082
original,417,0.4673301406413626,0.14756003533995235
original,418,0.4578317532547136,0.15925892420791507
original,419,0.4671767916252556,0.16552399824554545
original,420,0.4771376719148823,0.15553330981408578
original,421,0.48500639555806563,0.14630248693495784
original,422,0.48038290504583864,0.1504744128336547
original,423,0.47144689649446475,0.16070986303512066
original,424,0.46407446125666846,0.18440909196134977
original,425,0.464915450775397,0.18514677172179297
original,426,0.4651021858766546,0.17527389894955736
original,427,0.47656891859001643,0.17025870470006954
original,428,0.4828670614074002,0.16755637612762414
original,429,0.49185138872763745,0.14221838225300829
original,430,0.47288970758169374,0.1685262013288394
original,431,0.46955902306824177,0.1719784783812542
original,432,0.4890767983643037,0.16236674331953554
original,433,0.47478970112114727,0.17390234189256498
original,434,0.4832480153576762,0.1732730049009622
original,435,0.49539554555572063,0.1776507329230784
original,436,0.5057980462675226,0.17449877335053862
original,437,0.47538093688946553,0.19081077473454305
original,438,0.48258039293634497,0.17565863166154866
original,439,0.49164815495157793,0.18363370986380692
original,440,0.49143482952604317,0.1881563679121851
original,441,0.4962101727076503,0.1713162502028615
original,442,0.5093209565366809,0.16310117594402487
original,443,0.5032641944567229,0.15578355964275606
original,444,0.5027777795004301,0.1612237762138224
original,445,0.5027788985694676,0.1747995590429853
original,446,0.4987414187770671,0.1825848913920573
original,447,0.4973080070222875,0.17990023733165186
original,448,0.5000148743964886,0.1860596918638774
original,449,0.4984870986007856,0.18598907595559
original,450,0.4945500109600407,0.1722886044074829
original,451,0.510047425526429,0.14487559303153488
original,452,0.5059755043413613,0.1442957432335874
original,453,0.5095462860420983,0.149855515333222
original,454,0.509606575613527,0.14589896126475768
original,455,0.5145388280574477,0.15086329844156712
original,456,0.520643245304698,0.14724937629090348
original,457,0.5241411545133544,0.14299892671913095
original,458,0.5142638498404676,0.1428127319385565
original,459,0.5241353828171043,0.1421339512500688
original,460,0.5231663531972806,0.14264628444081226
original,461,0.5169235205274888,0.13342118391064606
original,462,0.5301725295718095,0.12248230428567582
original,463,0.5137870619638946,0.13454899829411776
original,464,0.5222514056248515,0.1396235673585339
original,465,0.506882563937514,0.14260140303866223
original,466,0.5035873866914581,0.1404051433892607
original,467,0.4919361845937578,0.14751671102346278
original,468,0.4914953305108583,0.15256114930213577
original,469,0.49924332736861543,0.15770598862366328
original,470,0.5029372301997169,0.15236807138381753
original,471,0.5046682903211162,0.13653574192492665
original,472,0.5073634510463297,0.143627786834863
original,473,0.5050598875248757,0.13369685670216863
original,474,0.4967366651674096,0.13399799196103582
original,475,0.5015357990327175,0.12648524311897824
original,476,0.4949429273413631,0.1104548096654357
original,477,0.49320027861977994,0.11294472496162977
original,478,0.4937054322923666,0.11769184766357083
original,479,0.4985732163964789,0.12369189343208796
original,480,0.5011935669167726,0.11308758282701264
original,481,0.5041563704480745,0.12185449127863582
original,482,0.49603554418388723,0.1399198572356852
original,483,0.5022665022538028,0.12623581464196393
original,484,0.49509783796023604,0.10884562835437109
original,485,0.4929746989478539,0.10375925471272669
original,486,0.49310519458125596,0.12572509984935284
original,487,0.47634530721867585,0.1327566489455283
original,488,0.4641566224456011,0.14334112899033727
original,489,0.4732793922050273,0.13856281319496735
original,490,0.47303529167585306,0.13911751180316365
original,491,0.473451506944299,0.14998487521187262
original,492,0.4758546298752422,0.1474506003032696
original,493,0.47711395100759035,0.14543423983949466
original,494,0.4708961952435667,0.13961592579642704
original,495,0.47325218843274963,0.1319564641513603
original,496,0.4642477068131104,0.15058203712197651
original,497,0.47443437796198124,0.14454315204005047
original,498,0.4692262073463511,0.13769290523104136
original,499,0.4891066389830068,0.12438694287557314
original,500,0.4831647126296985,0.1300059164041707
original,501,0.490422832064443,0.1217065112035429
original,502,0.48209877848367316,0.12614332621321225
original,503,0.47744563053628575,0.12020525977462146
original,504,0.4619974162111565,0.12851715478791984
original,505,0.472958832319478,0.14073501170046418
original,506,0.4696560792028239,0.13820760061628315
original,507,0.47292517247842136,0.14568122057559105
original,508,0.49183833410891475,0.125392168914685
original,509,0.49800530417234373,0.13295020130417876
original,510,0.4833932678191235,0.16002469991810336
original,511,0.4842687147903446,0.16027865120480908
original,512,0.47633123173875563,0.1606586283079497
original,513,0.46407824345349474,0.16743114084124733
original,514,0.48132998117761416,0.15792449657293442
original,515,0.4646042478378865,0.15840258837545723
original,516,0.5006761581700687,0.1443619407057415
original,517,0.49329612679860013,0.14322632049695844
original,518,0.48764590872118846,0.1276581513210127
original,519,0.4909009968906407,0.1320477095843565
original,520,0.48638290748975527,0.13775243767082496
original,521,0.497353915281829,0.14491672242007048
original,522,0.5133319106050154,0.1443655354726304
original,523,0.5275141122640498,0.13696233777303748
original,524,0.5249370305670231,0.13293649401430904
original,525,0.5009719681796095,0.16591737610843119
original,526,0.5202841242562125,0.13011990506601373
original,527,0.513214448052766,0.13650338297484102
original,528,0.501625441202188,0.1556908788792944
original,529,0.49360763617125303,0.16226506697049667
original,530,0.4994411376079021,0.1569829929641408
original,531,0.49382001653993113,0.15451344409535855
original,532,0.4915990452582473,0.17109390545500866
original,533,0.4761044520767021,0.18972746755247807
original,534,0.4997405880465887,0.1601848329219217
original,535,0.5028639614936862,0.154992801695099
original,536,0.5066665017679896,0.1589578933390006
original,537,0.5120404584803016,0.14821236356724313
original,538,0.5106612369946489,0.14694668141968908
original,539,0.5090218173652102,0.1406147570568544
original,540,0.5065046460546274,0.1435706885817167
original,541,0.5145092337747297,0.1468272385008825
original,542,0.5239647307359484,0.1348690901165175
original,543,0.5132457076857321,0.1403240308912234
original,544,0.5137489548406119,0.15169104272646855
original,545,0.5208925063543648,0.140334315032803
original,546,0.5132795519703532,0.14729714399880453
original,547,0.5112096186557886,0.15152153457897363
original,548,0.5104484328382292,0.16432517383503703
original,549,0.5208991361705447,0.17012897828632031
original,550,0.5177985346292376,0.17147978105321005
original,551,0.5204964357815871,0.15656486274679748
original,552,0.5254059404164998,0.14492741531497863
original,553,0.499043290780161,0.17475153981395838
original,554,0.5024248272244966,0.17148657656172867
original,555,0.4988548515249877,0.16948849680305675
original,556,0.5008104618444166,0.17524096505260076
original,557,0.501166920924456,0.17368018217928768
original,558,0.48981002146300745,0.17920369874964978
original,559,0.4968934028284447,0.1833303703478391
original,560,0.5033469227779367,0.17693797441105136
original,561,0.5107114308051218,0.15229258829548623
original,562,0.49493474940361853,0.16814144001288353
original,563,0.4974059545368599,0.14904413498349164
original,564,0.5051993250766332,0.1567327798849749
original,565,0.5022148121844605,0.15785704000424558
original,566,0.5002867384040985,0.1632018908532721
original,567,0.519327699825742,0.14861435015406466
original,568,0.511513126224666,0.15799827171794192
original,569,0.513127045360063,0.13972031704700663
original,570,0.501520064739251,0.1416495942602145
original,571,0.4811377023285542,0.16123010117721398
original,572,0.49459993574498223,0.13801124630981948
original,573,0.5040000191382251,0.14426177733382342
original,574,0.5038901375807908,0.15127896073767994
original,575,0.48985263281308616,0.17974201133005815
original,576,0.48769040870413444,0.18666066592148906
original,577,0.49434912493721855,0.18534784854193662
original,578,0.5099959665515768,0.1581257544113729
original,579,0.5001615068825075,0.17374438354298105
original,580,0.5160574838379387,0.16438662909545454
original,581,0.5100003155536849,0.16341819433286817
original,582,0.49286120656312926,0.19806239135582013
original,583,0.5013588347032618,0.18672262452236515
original,584,0.5088594296234101,0.18794949757202747
original,585,0.51832591331101,0.1832997103436141
original,586,0.5269334294186956,0.14176996920125418
original,587,0.5400561861736464,0.12984936208625272
original,588,0.5367599080601645,0.11756569258423194
original,589,0.5262658821656874,0.1321668512641486
original,590,0.5385238134466211,0.12794711360447678
original,591,0.5451772426852296,0.12053405338737427
original,592,0.5365667537505511,0.13398825593246325
original,593,0.5371432068609232,0.130766300013711
original,594,0.5317026623223122,0.16521499280565555
original,595,0.5469854464029611,0.1318064205083952
original,596,0.5471841499845955,0.12547411128471447
original,597,0.5671258622280587,0.11155945932436367
original,598,0.5599918853284125,0.11808394960373243
original,599,0.5572199346854532,0.11898707856748443
original,600,0.542481644063335,0.14418273367677514
original,601,0.5559730745249264,0.13980122459198727
original,602,0.5649874044364964,0.14037318306438476
original,603,0.5578357356002457,0.14589884928420838
original,604,0.5604483960891189,0.15041297523110908
original,605,0.559587533197348,0.14232934393812258
original,606,0.5517195882926669,0.15556107859060211
original,607,0.5506671110217117,0.16125472105601696
original,608,0.5480437433988236,0.15189716595619304
original,609,0.539997774723731,0.1485551674495084
original,610,0.5205225611846057,0.15645119163328644
original,611,0.517072802729099,0.15868573516278492
original,612,0.5100527848338101,0.14964939776612893
original,613,0.5075244027342507,0.16251774023882895
original,614,0.5257683742306232,0.15536077239928328
original,615,0.5127390955077165,0.1521625811545352
original,616,0.5145558798075416,0.13536264000305334
original,617,0.5133362200477024,0.14894652217517507
original,618,0.49454172911809957,0.17579584849029348
original,619,0.49671350373524353,0.17808692646306842
original,620,0.5036229215274867,0.17464946627517378
original,621,0.5079025722834546,0.14600607108855565
original,622,0.5004376520484329,0.15612698892632046
original,623,0.4995512456780309,0.1601579486928264
original,624,0.511701757952825,0.1593165068411593
original,625,0.5146007480323529,0.16095020016677256
original,626,0.5217965940507588,0.1380433149479403
original,627,0.5223816861546174,0.1335013365383478
original,628,0.5134806783062199,0.13872570050034377
original,629,0.5225077297799474,0.1354914710729995
original,630,0.5038761978287841,0.13182229625026806
original,631,0.5046764338593622,0.1388497883147533
original,632,0.49339123758826553,0.14500163165488966
original,633,0.5207085914957479,0.13998626994817087
original,634,0.5080861693146785,0.13875470069227214
original,635,0.512460324614124,0.14611739769330168
original,636,0.4969354427087985,0.16188126071942133
original,637,0.4971432294089065,0.1565639111444401
original,638,0.4860093752842249,0.14487239177662709
original,639,0.4892377687292553,0.15568491298193762
original,640,0.49673372563162327,0.1478543793568872
original,641,0.5171556104979841,0.1539949699553018
original,642,0.5095462303461811,0.14523868716686292
original,643,0.4859260470798566,0.16623382510716508
original,644,0.48863634791185007,0.17334427931194157
original,645,0.4880841514669774,0.16229896726067228
original,646,0.47168045281969595,0.16684032166843402
original,647,0.4596734675317481,0.16301925475889537
original,648,0.459591092334452,0.17129106393671847
original,649,0.47438364545936695,0.15733961095295562
original,650,0.48362433173513725,0.162467399130701
original,651,0.46846024317300455,0.16652673135913956
original,652,0.462395714656475,0.1956213826486008
original,653,0.45152533502045933,0.21260143924105135
original,654,0.45795602688957315,0.20183194899572432
original,655,0.44884564581010405,0.21606840697416527
original,656,0.4787786862073773,0.18524021416973613
original,657,0.48454389385214675,0.1628711591074906
original,658,0.4788909340600865,0.16094856438026134
original,659,0.4654378495652336,0.17643319854761685
original,660,0.4654812870440032,0.1734443848715194
original,661,0.459618590354057,0.17776612484748303
original,662,0.4544614327832724,0.1824078202905891
original,663,0.47286072531395473,0.1580389972221293
original,664,0.45027695872392015,0.19501619864845682
original,665,0.4640781916683773,0.186940574328284
original,666,0.4524399025134745,0.19800823761908248
original,667,0.4407661198773363,0.21717606823216062
original,668,0.45985920953215054,0.1693275204363917
original,669,0.45599512484081495,0.1906158705078561
original,670,0.4519570909429136,0.21366107164960196
original,671,0.44118733598614274,0.21657124081583803
original,672,0.45581371994806846,0.2010951342229457
original,673,0.46875304940435475,0.18540547230338267
original,674,0.45278641879420045,0.20026087809979223
original,675,0.4562635343661352,0.2109350660390103
original,676,0.4841236641126639,0.164414012043233
original,677,0.4845511888306337,0.18142324883435046
original,678,0.47309596859280384,0.20179039037508653
original,679,0.4744538547635116,0.19278840974410993
original,680,0.47762109285303517,0.19663731996417022
original,681,0.4864709781400117,0.19740858412273554
original,682,0.4842052045706808,0.19219791474591685
original,683,0.4760799622360521,0.1949174794059187
original,684,0.4710336939709988,0.2009408955269762
original,685,0.47694322678912826,0.20286250331891972
original,686,0.48056154903567483,0.18074187019275872
original,687,0.4950731303370027,0.16793016380775044
original,688,0.49259704513230546,0.16770909982149562
original,689,0.49855905807000783,0.1763796414153694
original,690,0.5199317399387335,0.16460004801690012
original,691,0.5200556093668771,0.15108655021991058
original,692,0.5040826821038258,0.1637480996378457
original,693,0.5091111191962162,0.1777119339269877
original,694,0.49843671291296654,0.2091718464380215
original,695,0.4927363724420035,0.22385552216024893
original,696,0.5041151084302791,0.20478812670582985
original,697,0.5189016000923892,0.19471185623722595
original,698,0.5274601454084786,0.1906905177205525
original,699,0.508975870596378,0.17630074625260617
original,700,0.5066538227640152,0.16720095373745975
original,701,0.5208673990062345,0.16442995802597632
original,702,0.5350125058903837,0.14377980013740588
original,703,0.5395817039711006,0.14663886769475168
original,704,0.527275931141341,0.13701023169351578
original,705,0.5335389683640118,0.1378530882684229
original,706,0.5133652668592193,0.1579067000333638
original,707,0.5173645697827352,0.16422023945887568
original,708,0.5130345920247783,0.16129124117890103
original,709,0.5404455819093661,0.12620471471860611
original,710,0.5474115319739974,0.1214359870729093
original,711,0.5403466439041148,0.1311090580961472
original,712,0.5179219325833242,0.13327343847469486
original,713,0.5060957754685123,0.16825003805219718
original,714,0.5147316023475799,0.16736086974021652
original,715,0.5145246516505741,0.16413449285458584
original,716,0.5006958671677911,0.15554939131239917
original,717,0.5075489330467369,0.15382255860395594
original,718,0.49502465061162987,0.16231000928749384
original,719,0.4964027795266862,0.17234194889254092
original,720,0.4944598304937138,0.18787720332501934
original,721,0.4994841444037997,0.18839251546764785
original,722,0.5079239721607814,0.1651602783496446
original,723,0.4992378374228821,0.1717950201735896
original,724,0.4887301377809667,0.1736956666866203
original,725,0.4804107906648435,0.16900817466497392
original,726,0.4679245382257202,0.17549650314529108
original,727,0.47355587573877583,0.19063705312070317
original,728,0.4784693643143887,0.20016448743672582
original,729,0.478960451482675,0.20148931953361016
original,730,0.49430060978776225,0.17550564536184038
original,731,0.486585947541265,0.18222917243235387
original,732,0.48783765755084435,0.18071003831666335
original,733,0.4893675516573571,0.1942900289423112
original,734,0.47414420810292485,0.1949304100150995
original,735,0.4898028606163457,0.19594225914418312
original,736,0.49192623127203916,0.18116820916970894
original,737,0.5109838515203948,0.17071126194814132
original,738,0.5101224005675103,0.17004252004881149
original,739,0.49826671487123503,0.17607428784521437
original,740,0.4739982681221563,0.18305335096434736
original,741,0.4920335592230907,0.16852717243893184
original,742,0.4733439859679186,0.1782364300742812
original,743,0.4878447429141989,0.17424667747017872
original,744,0.4526767378077697,0.20742408073300583
original,745,0.4516426959791831,0.2083895255578362
original,746,0.47681834411874263,0.20159713291997847
original,747,0.46105035504960235,0.20646355469663172
original,748,0.46646834007919974,0.1936116794337133
original,749,0.4691388499037622,0.17445513771038446
original,750,0.48747333491042255,0.15662599449394854
original,751,0.4997778198563309,0.14961006547648759
original,752,0.5073215449864176,0.09981769858237369
original,753,0.4799024509668317,0.16674467858833983
original,754,0.47349140175644894,0.1702982164130303
original,755,0.47930561955419637,0.1586928182096015
original,756,0.4900014734776737,0.15334965737697992
original,757,0.44126401194733067,0.17996367536407387
original,758,0.4441319582062699,0.1540320887704554
original,759,0.4425247049254466,0.1624237915072212
original,760,0.4511468752047495,0.15841416943211778
original,761,0.4405776927135702,0.17625943662511187
original,762,0.4424728111298474,0.18629622217744374
original,763,0.46677616326302057,0.16978474514844327
original,764,0.48239887380614455,0.15427536688243582
original,765,0.46204729199518435,0.1534296643103531
original,766,0.46625157805564477,0.15119134320707184
original,767,0.4801195948017431,0.15270224481273523
original,768,0.4805430471277967,0.13633791288433242
original,769,0.47834862139188744,0.12152382919644093
original,770,0.5028412229011574,0.12069269360057353
original,771,0.511941174579595,0.116475127225775
original,772,0.5139938192830675,0.11904557072662295
original,773,0.4839056870026293,0.1549131114995024
original,774,0.5123877550931731,0.10161886614650963
original,775,0.5269710987683186,0.1008440208731866
original,776,0.5215462594711309,0.10213350449657596
original,777,0.5255015244519037,0.1016204749164034
original,778,0.5077385103847669,0.1375846360779252
original,779,0.5119833512718367,0.12685302362802878
original,780,0.525093435809836,0.11706508188634086
original,781,0.5185934313868515,0.13159900772128025
original,782,0.5342150790350834,0.13040264765534657
original,783,0.5334753338677186,0.15435530931577987
original,784,0.5285981320558539,0.1530103116783876
original,785,0.5220058183425872,0.16951350486744926
original,786,0.5272076272536907,0.17002636505308374
original,787,0.5360844791106483,0.13725443036379562
original,788,0.5143243186383623,0.14028571855727973
original,789,0.47526903431034834,0.18360493763448238
original,790,0.4657813230043941,0.17345265213270047
original,791,0.4743933009482404,0.16886299700910884
original,792,0.4867609053793403,0.16695382189726896
original,793,0.4873741005936287,0.18327049903050974
original,794,0.4897436648928939,0.19350066271813693
original,795,0.49881039923437587,0.18470484723066294
original,796,0.496602959389495,0.18593277360444965
original,797,0.48867942851438106,0.1768220919666962
original,798,0.46749830377796886,0.19547569248761162
original,799,0.4964190630177748,0.17137085224975732
original,800,0.48080633869526146,0.18024784871620375
